,palmBase_x,palmBase_y,palmBase_z,thumb1_x,thumb1_y,thumb1_z,thumb2_x,thumb2_y,thumb2_z,thumb3_x,thumb3_y,thumb3_z,thumb4_x,thumb4_y,thumb4_z,indexFinger1_x,indexFinger1_y,indexFinger1_z,indexFinger2_x,indexFinger2_y,indexFinger2_z,indexFinger3_x,indexFinger3_y,indexFinger3_z,indexFinger4_x,indexFinger4_y,indexFinger4_z,middleFinger1_x,middleFinger1_y,middleFinger1_z,middleFinger2_x,middleFinger2_y,middleFinger2_z,middleFinger3_x,middleFinger3_y,middleFinger3_z,middleFinger4_x,middleFinger4_y,middleFinger4_z,ringFinger1_x,ringFinger1_y,ringFinger1_z,ringFinger2_x,ringFinger2_y,ringFinger2_z,ringFinger3_x,ringFinger3_y,ringFinger3_z,ringFinger4_x,ringFinger4_y,ringFinger4_z,pinky1_x,pinky1_y,pinky1_z,pinky2_x,pinky2_y,pinky2_z,pinky3_x,pinky3_y,pinky3_z,pinky4_x,pinky4_y,pinky4_z,e0,e1,e2,e3,e4,e5,e6,e7,e8,e9,e10,e11,e12,e13,e14,e15,e16,e17,e18,e19,e20,e21,e22,e23,e24,e25,e26,e27,e28,e29,e30,e31,e32,e33,e34,e35,e36,e37,e38,e39,e40,e41,e42,e43,e44,e45,e46,e47,e48,e49,e50,e51,e52,e53,e54,e55,e56,e57,e58,e59,e60,e61,e62,e63,e64,e65,e66,e67,e68,e69,e70,e71,e72,e73,e74,e75,e76,e77,e78,e79,e80,e81,e82,e83,e84,e85,e86,e87,e88,e89,e90,e91,e92,e93,e94,e95,e96,e97,e98,e99
0,516.9681822579872,436.4932027271865,-0.0007977336645126343,449.8729510951921,426.78382650121284,-2.5223217010498047,396.01301566535017,388.21746601237055,-2.8759007453918457,356.1592669503465,350.73985722206527,-4.886622428894043,324.4976351774938,324.34549774989637,-7.7294602394104,433.6823194187036,308.41662682054454,7.208920955657959,399.6026718081223,260.36694065218484,7.32242488861084,374.5533370965528,228.87719497981828,5.482365608215332,352.54840222116275,204.05029359055595,3.0492424964904785,471.41729173850075,292.49676232969705,4.239321708679199,444.8663457096131,233.45264711608635,5.481106758117676,422.17407124651027,194.70464989865826,2.8052737712860107,402.08923129028017,167.30608423662846,0.3050529360771179,508.39115406721623,288.42911757557613,-0.31720781326293945,492.7707149822734,230.656051549987,-0.034505248069763184,476.94266906301743,191.14867680461148,-1.9050300121307373,460.00766559101385,162.28695918933965,-3.8398962020874023,546.5555018351115,295.37312954931315,-5.8323283195495605,545.2344082295638,247.6096621417513,-6.974964141845703,541.4071644315628,214.925138789549,-8.324316024780273,533.7649038487267,184.5114155000877,-9.468152046203613,455.0,451.0,448.0,446.0,446.0,449.0,454.0,454.0,450.0,446.0,454.0,455.0,446.0,447.0,451.0,455.0,446.0,448.0,454.0,456.0,451.0,447.0,446.0,454.0,453.0,448.0,446.0,447.0,451.0,456.0,454.0,447.0,455.0,454.0,448.0,447.0,447.0,453.0,456.0,451.0,447.0,447.0,453.0,455.0,449.0,447.0,448.0,451.0,456.0,449.0,447.0,448.0,452.0,456.0,452.0,447.0,448.0,453.0,456.0,453.0,449.0,447.0,447.0,450.0,456.0,453.0,449.0,456.0,454.0,449.0,448.0,448.0,456.0,450.0,448.0,449.0,447.0,456.0,452.0,447.0,446.0,447.0,452.0,446.0,452.0,454.0,448.0,446.0,450.0,455.0,449.0,446.0,445.0,447.0,453.0,455.0,450.0,445.0,447.0,452.0
1,483.443896696257,397.8794281638596,-0.0006571188569068909,426.91850664623723,386.8223588431746,-6.840611457824707,371.68008559718413,350.871433128244,-9.519763946533203,324.99218069328276,315.5288301539201,-12.91491985321045,286.7838125802486,296.41655996800597,-16.812973022460938,405.93693526756357,266.90042604483,0.5797674655914307,377.42223845977304,216.6393524803077,0.35060250759124756,359.94670384062374,184.49065455794664,-1.4933533668518066,344.8608543165906,157.3367846020295,-3.9560763835906982,442.7856284785905,253.39098631554634,-0.826807975769043,422.8835238486884,195.20587042264285,-0.21430283784866333,409.02933643644303,156.28395838709702,-2.714433431625366,398.0608053849163,127.69832845796003,-4.935280799865723,479.01499463227316,255.44995049368788,-3.906651496887207,471.76059453575687,202.21236760352065,-4.665633678436279,466.2998511062921,165.23083540259947,-6.837597370147705,460.49898963280714,137.0350371122774,-8.639350891113281,515.353168355308,271.2948621365058,-8.266439437866211,527.8744397206193,231.91133946809882,-10.061419486999512,536.5046872702397,203.7465445966335,-11.73126220703125,541.3703328480328,175.11757267089942,-12.772440910339355,454.0,450.0,447.0,449.0,457.0,454.0,449.0,451.0,457.0,455.0,449.0,451.0,455.0,458.0,455.0,451.0,450.0,456.0,457.0,452.0,451.0,460.0,453.0,454.0,458.0,461.0,457.0,452.0,452.0,455.0,459.0,460.0,453.0,451.0,454.0,459.0,461.0,457.0,454.0,452.0,452.0,457.0,460.0,458.0,453.0,451.0,454.0,461.0,460.0,454.0,453.0,462.0,458.0,455.0,453.0,456.0,462.0,456.0,454.0,458.0,463.0,462.0,456.0,456.0,465.0,458.0,456.0,457.0,460.0,462.0,458.0,454.0,456.0,462.0,462.0,456.0,453.0,453.0,455.0,461.0,460.0,453.0,452.0,453.0,460.0,459.0,452.0,451.0,459.0,451.0,450.0,455.0,459.0,450.0,459.0,455.0,450.0,449.0,451.0,457.0
2,477.1182337957761,392.5012338638323,-0.0009327009320259094,422.8365025915358,375.8860553391896,-7.343960285186768,374.2298050263554,335.39884272286275,-9.835044860839844,337.89909316985484,294.94942918550834,-12.843876838684082,313.2879072468506,272.8441915796443,-16.05591583251953,415.63293852684563,258.7783085978497,0.43836891651153564,393.7968736902185,208.55879639731336,0.02132391929626465,380.5237107176423,177.44249889027822,-2.1769556999206543,369.0740021831524,151.1690760363207,-4.669350624084473,452.2517614399777,248.04251549893652,-0.5258750915527344,437.4842435141367,190.44277266963968,-0.1671021580696106,427.0517840494512,151.4782838999754,-3.1180834770202637,418.0958684573493,121.93756097019435,-5.739536285400391,486.83542881801804,252.08897320819761,-3.1149353981018066,482.4689363391136,199.3943599816986,-3.6621921062469482,478.44618207175483,162.74214895154648,-5.823269844055176,473.0740533156659,134.3723309115723,-7.8514275550842285,520.2957597361484,269.8169197748849,-7.063793659210205,533.4426333098133,229.8798942499094,-8.223061561584473,541.7095484639676,201.27315453557057,-9.5267915725708,545.3097659489913,172.71809890330974,-10.501262664794922,448.0,454.0,453.0,449.0,447.0,446.0,449.0,453.0,454.0,447.0,446.0,449.0,454.0,453.0,449.0,446.0,453.0,455.0,453.0,447.0,445.0,446.0,453.0,447.0,447.0,454.0,449.0,446.0,445.0,450.0,454.0,452.0,447.0,445.0,449.0,454.0,453.0,447.0,445.0,445.0,449.0,454.0,450.0,445.0,446.0,453.0,448.0,445.0,446.0,450.0,454.0,449.0,445.0,446.0,452.0,451.0,447.0,445.0,445.0,448.0,452.0,454.0,448.0,445.0,447.0,453.0,455.0,450.0,447.0,446.0,447.0,450.0,454.0,453.0,447.0,446.0,451.0,451.0,447.0,446.0,455.0,449.0,447.0,447.0,449.0,456.0,450.0,448.0,454.0,456.0,452.0,449.0,447.0,451.0,456.0,451.0,447.0,448.0,454.0,456.0
3,476.4965383336938,392.73311518173307,0.0001361370086669922,426.06825203302003,372.51886121361565,-5.770282745361328,386.85753151344863,327.8949659922725,-8.892477989196777,378.80980036769677,277.89428603070314,-13.60124683380127,404.6802142554897,246.64027637400238,-14.627517700195312,417.7016499940142,255.34645007768822,10.788463592529297,400.3223060056958,237.04159725600024,-8.212992668151855,405.81340521920623,277.6403736239266,-8.608805656433105,416.00747297694954,292.81625375907,2.0116283893585205,448.0583946426331,254.75844615794276,7.74871826171875,428.49702764558236,242.81367271419245,-12.694090843200684,432.35209319566593,297.37141498885467,-11.128103256225586,441.56373130299676,306.9528871200335,0.3322399854660034,479.69311223641535,260.72983815561315,0.9221582412719727,456.72820345121886,256.9865168825462,-18.646305084228516,456.15893331707895,308.9268658797888,-14.98717975616455,466.1843916555967,315.27558263333754,-4.464571475982666,509.74790254959026,270.537783313746,-6.576777935028076,486.7167358928162,268.23950502708925,-19.364974975585938,479.1398104683054,305.7902232509873,-14.313591957092285,485.82719480532893,314.1575302881354,-4.7364983558654785,449.0,449.0,454.0,457.0,449.0,454.0,459.0,457.0,452.0,451.0,452.0,461.0,458.0,453.0,452.0,452.0,458.0,461.0,461.0,456.0,453.0,462.0,457.0,454.0,457.0,463.0,459.0,455.0,458.0,462.0,461.0,453.0,460.0,462.0,456.0,453.0,452.0,456.0,461.0,459.0,455.0,453.0,454.0,461.0,455.0,453.0,453.0,456.0,461.0,462.0,456.0,453.0,456.0,462.0,458.0,454.0,461.0,454.0,459.0,463.0,461.0,455.0,462.0,458.0,455.0,452.0,454.0,460.0,460.0,456.0,452.0,454.0,460.0,459.0,454.0,452.0,451.0,457.0,461.0,456.0,452.0,451.0,452.0,460.0,455.0,451.0,458.0,460.0,454.0,451.0,450.0,454.0,455.0,450.0,452.0,458.0,456.0,451.0,449.0,452.0
4,481.2830987017361,366.9982125696249,-0.0005877092480659485,419.7494106608441,361.42530355623546,-2.3618218898773193,376.6669418608393,327.277735721053,-1.568408489227295,349.88414140287733,292.16565856852617,-2.741063356399536,331.75042180916546,263.95333015360654,-4.731105804443359,418.94463689250955,258.4796128562985,14.130634307861328,400.27269795315203,214.93486809297795,16.323270797729492,386.6287141360728,186.4398298347636,16.55130386352539,374.69670875853996,164.5968267957453,15.504236221313477,454.6044789479599,248.29935784715968,10.92296028137207,444.1791638943154,197.73158689528904,13.92186164855957,431.48547533564556,162.09155557302586,11.625533103942871,418.7045802542814,137.80374902283495,9.345985412597656,488.58244010755766,248.53678842938422,5.6046342849731445,486.54500678962347,200.40453774202322,6.910432815551758,477.40016667739945,164.96901703429393,4.105070114135742,465.3198111798519,140.3931214054488,1.4129902124404907,523.3123791721979,257.6056466139873,-0.7117171287536621,531.7628394474734,220.56973987733392,-1.2185250520706177,533.4664986334487,193.09148258002017,-3.114767551422119,530.2277128433095,167.74687746702477,-4.775008678436279,450.0,448.0,448.0,450.0,456.0,450.0,455.0,455.0,448.0,446.0,446.0,452.0,451.0,451.0,453.0,449.0,444.0,443.0,448.0,451.0,445.0,442.0,441.0,443.0,449.0,447.0,440.0,445.0,449.0,447.0,440.0,443.0,446.0,440.0,439.0,443.0,448.0,445.0,439.0,446.0,445.0,440.0,439.0,443.0,448.0,444.0,440.0,441.0,447.0,449.0,443.0,441.0,440.0,449.0,445.0,441.0,440.0,442.0,448.0,444.0,443.0,450.0,446.0,443.0,441.0,443.0,449.0,449.0,441.0,444.0,450.0,447.0,444.0,442.0,442.0,450.0,450.0,444.0,442.0,445.0,450.0,452.0,449.0,445.0,443.0,447.0,453.0,448.0,444.0,448.0,453.0,446.0,445.0,450.0,454.0,452.0,447.0,445.0,448.0,445.0
5,492.70816156140495,368.1933888470738,-0.0018024072051048279,434.96861997321355,354.19579202561107,-9.160707473754883,390.0479827731576,317.7883114303327,-13.553037643432617,365.3628771176633,278.2502736774226,-18.66969108581543,367.02814439603605,252.8741292623715,-23.196340560913086,420.3248933421381,243.2380251287048,3.865253448486328,403.9052004502329,196.04133684271983,-3.9420032501220703,407.35593751703334,208.49493836373554,-12.9447603225708,413.8723230670234,223.70665894040266,-18.590974807739258,452.1288367427816,234.45163783324804,2.89835786819458,443.0534033295127,178.9044191835439,-9.963891983032227,440.04142951130325,207.42710819355474,-22.718158721923828,441.7838923398385,234.8330255308564,-28.634794235229492,486.1717194772954,232.26171678623706,-0.34072327613830566,480.25959553587967,178.63458586599563,-12.772604942321777,471.5024980521172,209.49692482737407,-24.3554630279541,471.3848812117136,239.7071463888285,-29.278305053710938,523.3546669614061,237.94282059020483,-4.4216461181640625,518.3336970024628,193.88691755608582,-13.23830795288086,502.815354330667,206.38833677642273,-19.666465759277344,493.5121105517796,229.0330352932417,-22.48467254638672,449.0,454.0,452.0,448.0,447.0,452.0,457.0,455.0,449.0,448.0,456.0,454.0,450.0,450.0,452.0,457.0,459.0,454.0,451.0,458.0,460.0,454.0,452.0,452.0,458.0,461.0,454.0,452.0,461.0,455.0,452.0,454.0,461.0,458.0,452.0,452.0,456.0,461.0,455.0,452.0,457.0,458.0,454.0,451.0,453.0,459.0,452.0,451.0,457.0,460.0,454.0,451.0,451.0,459.0,452.0,450.0,450.0,456.0,459.0,453.0,449.0,450.0,454.0,458.0,452.0,449.0,450.0,457.0,455.0,449.0,455.0,457.0,452.0,448.0,453.0,449.0,449.0,457.0,452.0,448.0,450.0,457.0,456.0,450.0,448.0,450.0,454.0,457.0,452.0,449.0,451.0,457.0,454.0,451.0,450.0,459.0,454.0,451.0,453.0,461.0
6,483.0399762713997,363.3570648165444,-0.0004600211977958679,430.13901231599567,358.66582450968303,-9.537467956542969,382.7310079528538,326.4906131666159,-13.020132064819336,352.4753108402134,293.3442917298168,-17.37885093688965,340.8673340805007,268.2480998683848,-21.73188591003418,416.1934740338486,241.38006685937938,6.155648231506348,398.0095354271657,201.66693768995393,1.6262820959091187,384.1429591183055,190.46266798362265,-4.961413383483887,372.48368996254555,191.88689294101835,-9.71255111694336,453.997529840825,229.4566227209419,4.979109287261963,446.89256722801525,183.06233149662646,1.7452749013900757,430.2785613250812,168.93441438403934,-6.2575201988220215,413.9304437404374,169.71248919548884,-11.809094429016113,489.6651303274472,231.38468014265564,1.0366947650909424,491.34155016454434,185.5860072775573,-1.6805680990219116,475.8096278537385,168.2274056651591,-8.06839370727539,458.6608348696035,165.18183747260332,-12.612454414367676,525.6508179674037,244.19064356130008,-4.59841251373291,535.4972258404907,209.57810343348194,-8.029034614562988,530.4622044653489,190.59119640403978,-12.430441856384277,519.0609843912821,178.7556716154148,-15.706624984741211,455.0,459.0,450.0,451.0,458.0,457.0,452.0,449.0,450.0,454.0,459.0,453.0,449.0,450.0,458.0,453.0,449.0,448.0,453.0,453.0,446.0,454.0,455.0,449.0,445.0,447.0,453.0,447.0,443.0,443.0,448.0,452.0,447.0,443.0,442.0,448.0,451.0,445.0,442.0,441.0,442.0,448.0,450.0,445.0,441.0,446.0,448.0,441.0,444.0,449.0,444.0,440.0,440.0,445.0,449.0,443.0,440.0,441.0,446.0,450.0,447.0,443.0,440.0,441.0,445.0,450.0,446.0,441.0,441.0,447.0,450.0,448.0,443.0,441.0,446.0,442.0,443.0,447.0,451.0,444.0,443.0,448.0,451.0,450.0,446.0,443.0,443.0,451.0,446.0,444.0,445.0,448.0,453.0,450.0,446.0,444.0,445.0,452.0,454.0,451.0
7,498.0306545652347,358.74438965040605,-0.00041013211011886597,440.783941217206,353.52288029753674,-7.205324172973633,393.46745382208604,323.64645574368353,-8.670039176940918,361.2844229946744,290.0654280371509,-11.230395317077637,340.78411004367035,263.71686466717847,-13.923324584960938,418.515747258139,248.96867713116865,8.6158447265625,397.94737790275263,208.17663795714657,10.094514846801758,385.3101710661227,184.7826766009659,9.347396850585938,374.9137372629545,168.1125144552903,7.43258810043335,452.1246785168275,233.99166680122352,7.350809097290039,436.07612940113574,186.88383916107358,10.602790832519531,423.1572502833325,158.67366092825682,8.371926307678223,411.41916136404154,140.55787663840715,5.98036003112793,485.8459180660212,229.56945542391622,3.5504367351531982,475.9605578731,184.12352763792637,4.481001853942871,464.5765031748557,155.50882656921678,1.8452134132385254,453.29998726013577,136.88347299157618,-0.623449981212616,521.4394920038111,234.1782895850558,-1.875601887702942,523.0581215154282,197.1907984680301,-2.912088394165039,520.896390287219,171.61004213856108,-4.8448333740234375,516.3197707970244,150.43718560861566,-6.391550064086914,446.0,446.0,451.0,446.0,447.0,452.0,456.0,449.0,446.0,451.0,456.0,451.0,447.0,448.0,456.0,452.0,448.0,447.0,451.0,456.0,454.0,450.0,448.0,448.0,450.0,456.0,457.0,453.0,448.0,455.0,456.0,451.0,448.0,456.0,458.0,451.0,448.0,452.0,458.0,450.0,448.0,453.0,457.0,454.0,449.0,448.0,450.0,456.0,457.0,450.0,448.0,453.0,458.0,455.0,451.0,449.0,450.0,457.0,452.0,449.0,456.0,458.0,449.0,458.0,456.0,451.0,449.0,454.0,458.0,455.0,450.0,449.0,456.0,456.0,451.0,449.0,453.0,458.0,453.0,450.0,449.0,450.0,457.0,455.0,458.0,458.0,452.0,451.0,457.0,453.0,453.0,461.0,461.0,455.0,453.0,458.0,462.0,457.0,454.0,453.0
8,491.93633521438346,354.25876865007626,-0.0010548233985900879,440.13863870098965,352.10832667553984,-12.31885051727295,395.84778939347245,322.4775033703036,-18.864368438720703,368.66894781187983,289.01979156920214,-25.711618423461914,363.2915666218446,259.89624764083385,-32.792991638183594,420.3687320085659,243.98724579634725,-1.6470677852630615,406.73666729644,202.72390929070113,-11.380115509033203,395.7079941337269,194.32562495087507,-24.389448165893555,389.9767506549736,206.05104636001624,-32.37655258178711,453.7836397569134,233.66931348769603,-2.8736915588378906,448.62874044991406,184.00266599321674,-12.156644821166992,432.88103599907123,176.6050554791361,-26.81344223022461,422.9336033798531,193.03874040214026,-36.39947509765625,486.53614165917026,234.039678074204,-6.767605781555176,488.17160671762133,187.0512890554329,-14.932412147521973,472.9731692957395,177.80563865848077,-28.395893096923828,461.40490505507216,190.37384859361543,-36.99850082397461,519.4363093320628,243.45022485868006,-12.207273483276367,524.2549421080081,205.41395156185104,-19.798126220703125,513.8849760103042,191.42597569543517,-29.201847076416016,501.04114608590385,194.9293643914314,-36.3835334777832,452.0,453.0,459.0,461.0,457.0,461.0,454.0,451.0,455.0,461.0,456.0,452.0,452.0,459.0,459.0,453.0,451.0,457.0,458.0,452.0,451.0,455.0,459.0,451.0,459.0,457.0,452.0,449.0,451.0,453.0,449.0,456.0,453.0,448.0,449.0,455.0,447.0,445.0,448.0,454.0,448.0,444.0,446.0,452.0,451.0,445.0,443.0,446.0,451.0,442.0,451.0,446.0,446.0,451.0,448.0,442.0,444.0,449.0,447.0,442.0,450.0,443.0,442.0,451.0,449.0,444.0,443.0,449.0,451.0,448.0,443.0,443.0,448.0,452.0,444.0,443.0,449.0,452.0,443.0,443.0,450.0,452.0,449.0,444.0,443.0,451.0,446.0,446.0,452.0,450.0,446.0,445.0,450.0,453.0,447.0,445.0,447.0,453.0,453.0,446.0
9,499.00954758300156,364.33304343786824,-0.000799521803855896,443.3544148733237,357.07801012388904,-5.600914001464844,398.68576365307405,323.81194540646237,-6.857570648193359,367.7759523118233,288.4857358441908,-9.415308952331543,345.01989880066196,261.21306543009786,-12.413818359375,426.76999714043546,253.18188543765928,7.362076282501221,405.6067052160349,210.18932504576574,8.054662704467773,391.2417146786472,183.11430390249262,6.71104621887207,378.93482995651374,162.06471763730923,4.532742023468018,459.36113199768005,240.30125568550372,5.372377395629883,441.8669910017315,191.17542928437814,7.251370429992676,427.2251718332536,160.67033972115382,4.524681568145752,414.051502981142,139.64403949677893,1.9657928943634033,491.4933146794635,237.51991574462136,1.1967954635620117,480.898839395698,190.30200110543856,1.2611029148101807,468.9290361408996,160.7422500696675,-1.1822633743286133,456.5448458911901,140.69313842830513,-3.3631811141967773,524.8441221513575,243.33870318937085,-4.330765724182129,525.8616487241408,204.52662693659755,-5.916703224182129,523.3667424148941,177.9001761690714,-7.880313873291016,517.9743918871462,154.77718165781778,-9.390748977661133,453.0,453.0,446.0,446.0,454.0,449.0,446.0,450.0,455.0,448.0,447.0,454.0,456.0,457.0,451.0,448.0,449.0,451.0,448.0,450.0,457.0,452.0,449.0,449.0,456.0,452.0,449.0,449.0,451.0,455.0,456.0,449.0,451.0,450.0,450.0,456.0,459.0,453.0,450.0,458.0,453.0,450.0,451.0,457.0,458.0,453.0,450.0,452.0,458.0,456.0,451.0,450.0,451.0,452.0,455.0,459.0,455.0,459.0,451.0,452.0,459.0,452.0,456.0,458.0,451.0,450.0,452.0,458.0,451.0,453.0,459.0,459.0,453.0,455.0,454.0,450.0,452.0,456.0,454.0,0.0,0.0,0.0,0.0,0.0,0.0,0.0,0.0,0.0,0.0,0.0,0.0,0.0,0.0,0.0,0.0,0.0,0.0,0.0,0.0,0.0
10,493.1324844839795,361.98151761083545,-0.0007439330220222473,437.13360761350924,351.3546474916859,-6.294912338256836,391.220108852728,316.6399202545982,-8.280705451965332,359.4598548494115,278.3959919700716,-11.505338668823242,340.61270194132317,250.52092315541844,-14.994210243225098,423.29875391088046,249.82490088896745,6.677887439727783,404.46749232229763,207.9541401446813,6.264099597930908,393.2744241763204,188.38174442228132,4.100334644317627,383.6174461691952,176.41530563343406,1.546410083770752,456.236575124765,237.89815845917528,4.916245460510254,440.5191766360046,190.62953185465858,4.562366485595703,428.12649453964605,172.20934380071373,0.3592882752418518,416.1540929131643,162.4112241035191,-3.017444133758545,488.5868321830187,235.1129770465707,1.0082552433013916,478.20688521723037,188.49438530595145,-0.6300468444824219,465.334779799415,170.87153604435176,-4.726473808288574,451.86211848202214,161.98745850649766,-7.974150657653809,521.3453525125112,240.30926978812505,-4.217209815979004,519.2305476144635,200.9375781469551,-6.629185676574707,511.28549360145155,182.4584411332661,-9.0574312210083,500.26554139580054,169.49124068578004,-10.862154960632324,450.0,450.0,450.0,456.0,459.0,453.0,450.0,458.0,457.0,451.0,450.0,452.0,458.0,459.0,454.0,450.0,451.0,457.0,453.0,450.0,450.0,453.0,459.0,450.0,453.0,452.0,458.0,458.0,450.0,452.0,458.0,452.0,450.0,450.0,453.0,459.0,455.0,451.0,450.0,453.0,459.0,454.0,458.0,451.0,457.0,457.0,450.0,457.0,457.0,451.0,449.0,454.0,456.0,451.0,449.0,455.0,458.0,453.0,455.0,458.0,457.0,450.0,454.0,458.0,449.0,449.0,452.0,449.0,449.0,456.0,450.0,452.0,457.0,455.0,450.0,449.0,455.0,457.0,452.0,449.0,449.0,454.0,457.0,453.0,449.0,449.0,455.0,457.0,454.0,449.0,449.0,457.0,449.0,448.0,0.0,0.0,0.0,0.0,0.0,0.0
11,495.1271508403255,358.7106762160708,-0.0009669661521911621,438.93446551088516,345.866422982085,-5.69303035736084,393.65189388081416,310.2083414837031,-7.814116477966309,362.0702037674593,272.7857040254662,-11.087748527526855,343.88278321837464,243.31787478899224,-14.215995788574219,428.6294193525753,242.71899154735857,3.835780620574951,413.10044694453256,200.59604275312483,0.56285560131073,401.48034850092347,185.21731719301167,-4.600562572479248,391.41085292364056,180.5598907873425,-8.735024452209473,460.87710133525934,232.28223092382797,1.2215183973312378,449.3765742616228,182.71211770794557,-3.967240333557129,434.99805713125465,173.05990020506766,-12.34334945678711,422.7463097016944,176.53589652981998,-17.87291717529297,492.28969670048724,230.9406651905371,-3.236412525177002,485.3156679073181,181.5559006828808,-8.965757369995117,469.7031294102093,172.39431574101906,-16.793371200561523,455.74400615063473,176.1441956392177,-21.782093048095703,523.9401489204647,238.040261509356,-8.668489456176758,523.0388505759889,197.18773256798747,-13.259872436523438,512.7686290488674,182.41929982024146,-17.962745666503906,500.1091644842857,177.7391802038725,-21.419736862182617,456.0,455.0,451.0,449.0,449.0,454.0,450.0,448.0,452.0,457.0,450.0,448.0,451.0,457.0,450.0,448.0,455.0,457.0,453.0,449.0,448.0,455.0,456.0,449.0,449.0,455.0,454.0,448.0,457.0,449.0,448.0,451.0,455.0,451.0,448.0,450.0,449.0,456.0,456.0,451.0,449.0,454.0,448.0,453.0,457.0,450.0,448.0,453.0,456.0,453.0,448.0,448.0,450.0,456.0,456.0,447.0,450.0,455.0,453.0,453.0,455.0,453.0,450.0,450.0,456.0,456.0,449.0,448.0,450.0,450.0,448.0,449.0,452.0,457.0,453.0,450.0,448.0,449.0,457.0,455.0,449.0,448.0,454.0,456.0,448.0,450.0,457.0,450.0,448.0,449.0,453.0,453.0,448.0,451.0,456.0,456.0,449.0,448.0,454.0,457.0
12,497.57452294078774,359.1013993240639,-0.001354210078716278,439.3791497793378,343.63570088534533,-5.007806301116943,396.43928015965207,307.6048376748092,-6.888305187225342,366.19539990299324,269.8362582008877,-9.879229545593262,350.7110650821613,236.9767619005831,-12.448784828186035,428.7127295648446,237.6259213027679,5.917032718658447,416.8600959421173,194.8448602952373,1.2470091581344604,406.1770444718221,174.84514422370972,-7.0867838859558105,397.4751854469831,168.9470850564026,-13.686594009399414,458.99863110508005,229.80568918279857,2.4582762718200684,452.5334999656664,177.76247767410914,-5.566340923309326,437.1167607112648,174.1950366948704,-18.902009963989258,424.88047339312965,187.89770102039822,-27.89924430847168,489.531191381933,229.02950329908376,-2.8410956859588623,486.7981597041356,178.70685206688563,-11.087165832519531,470.10927058884664,180.50796034859752,-23.65081787109375,456.99987074467725,199.28027504013676,-31.68328094482422,520.8894458307735,235.37545556111024,-8.912919998168945,518.6912368101252,191.55009508547974,-15.45826530456543,504.6042279139051,183.17665965412777,-23.79770278930664,489.5891698521658,192.0984628587005,-30.489295959472656,448.0,448.0,456.0,456.0,450.0,448.0,449.0,452.0,448.0,451.0,457.0,451.0,448.0,449.0,455.0,451.0,448.0,449.0,454.0,457.0,450.0,448.0,451.0,457.0,453.0,448.0,448.0,454.0,455.0,450.0,448.0,452.0,457.0,448.0,452.0,448.0,448.0,451.0,456.0,455.0,448.0,449.0,455.0,450.0,448.0,448.0,456.0,456.0,450.0,448.0,452.0,457.0,453.0,449.0,447.0,451.0,455.0,455.0,448.0,448.0,454.0,457.0,452.0,454.0,448.0,448.0,452.0,448.0,454.0,456.0,451.0,448.0,450.0,456.0,454.0,449.0,447.0,451.0,457.0,450.0,447.0,449.0,456.0,455.0,449.0,448.0,447.0,456.0,449.0,447.0,454.0,457.0,451.0,447.0,452.0,456.0,453.0,448.0,448.0,455.0
13,497.40760660725715,358.47384598411975,-0.00128115713596344,438.9098777682902,341.3752255180046,-3.7063679695129395,395.57826137984745,306.22709131430037,-4.758673191070557,365.10608875870975,269.1370622193532,-7.173532009124756,350.8814778404038,237.2467938438337,-9.257736206054688,429.004837034521,237.1528129157136,7.873231410980225,417.8071886802361,194.5674422294955,3.5167927742004395,407.08884170410374,174.91987351335288,-4.94734525680542,398.0885789720871,170.19362940926558,-11.595504760742188,458.7879726873581,229.1564890290467,3.890899181365967,453.3330825537483,176.50461108646272,-3.527346611022949,437.47946370376087,172.9979368151004,-16.939533233642578,424.7856024322085,187.4990354627191,-25.99802589416504,488.5018464027058,228.26889064588687,-1.8889449834823608,486.71304567005745,176.7414264656213,-9.594697952270508,469.9350296590235,177.2485194529876,-21.964767456054688,456.6738126260983,195.44949147519873,-29.863157272338867,518.8716743172993,234.13628958881378,-8.374791145324707,517.3867984333464,189.76190053123491,-14.257786750793457,503.44197459906474,180.60196038677958,-22.08245086669922,488.1689664368648,188.9077969256248,-28.382549285888672,447.0,450.0,456.0,453.0,448.0,447.0,450.0,456.0,453.0,448.0,448.0,456.0,456.0,450.0,448.0,448.0,454.0,453.0,454.0,457.0,451.0,448.0,449.0,455.0,455.0,450.0,448.0,456.0,456.0,450.0,448.0,449.0,456.0,453.0,449.0,449.0,455.0,456.0,448.0,452.0,457.0,452.0,448.0,449.0,456.0,450.0,448.0,449.0,456.0,456.0,449.0,447.0,452.0,457.0,454.0,450.0,448.0,449.0,455.0,455.0,448.0,448.0,456.0,450.0,448.0,448.0,450.0,454.0,448.0,450.0,456.0,453.0,448.0,455.0,456.0,449.0,447.0,451.0,450.0,456.0,451.0,447.0,448.0,455.0,447.0,455.0,455.0,449.0,447.0,455.0,457.0,450.0,447.0,450.0,457.0,453.0,448.0,448.0,450.0,455.0
14,495.6402910256975,358.83977633054496,-0.003406122326850891,439.5977665601939,342.35905608674364,-4.660129547119141,396.8669774732233,306.96813562866635,-6.054599285125732,366.45394042479063,269.62045122458784,-8.624598503112793,351.7878724819268,238.266319270488,-10.789861679077148,427.992177556621,235.94873728596835,7.098264217376709,416.49861043864416,193.58534712588462,2.595815658569336,405.8917625931736,173.65815692015798,-6.153519630432129,396.81329648512224,168.20963346894644,-13.129322052001953,457.6431988514832,227.8541231710107,3.338916301727295,451.781517116319,174.22143800670383,-4.45882511138916,435.3500024482513,171.39221025892772,-18.34923553466797,421.6604463135902,186.81200664622978,-27.92305564880371,487.4445955192919,226.99946154988112,-2.294969320297241,485.3205361010949,175.33260313984727,-10.687954902648926,468.21542956060205,178.0600382300702,-23.896190643310547,454.44808193464223,198.76323119858682,-32.395450592041016,518.1881330582473,233.1832897947839,-8.652628898620605,515.8661511698203,189.2363861114324,-14.87195873260498,501.7548170332609,182.30894929510117,-23.35073471069336,486.06358399165214,193.04671529203344,-30.320180892944336,449.0,455.0,453.0,448.0,455.0,453.0,449.0,448.0,453.0,457.0,453.0,448.0,454.0,456.0,450.0,450.0,454.0,456.0,450.0,448.0,455.0,457.0,453.0,449.0,448.0,453.0,457.0,452.0,448.0,450.0,454.0,457.0,447.0,450.0,456.0,455.0,451.0,448.0,449.0,455.0,453.0,449.0,448.0,454.0,457.0,452.0,448.0,452.0,457.0,449.0,448.0,453.0,457.0,452.0,448.0,454.0,456.0,450.0,448.0,456.0,449.0,448.0,448.0,455.0,457.0,450.0,448.0,457.0,450.0,448.0,450.0,457.0,454.0,449.0,448.0,449.0,455.0,456.0,453.0,450.0,447.0,449.0,453.0,450.0,447.0,451.0,456.0,451.0,448.0,448.0,456.0,453.0,448.0,447.0,453.0,456.0,449.0,447.0,451.0,447.0
15,496.8746115328455,367.3260786487192,-0.00027476251125335693,446.4061648649882,350.99425124600066,-5.293070316314697,406.36996784987105,308.0119088258571,-8.009937286376953,403.7326956294782,257.53975051400863,-11.212717056274414,435.9605283689502,230.15502801247646,-9.467665672302246,436.17394547906383,245.38414790478978,8.664548873901367,416.08713285180323,231.9743880903649,-9.783685684204102,425.05186131503757,271.3429934881001,-4.360330104827881,437.50130452983717,280.13794012481435,12.038562774658203,465.4600250785783,241.77585113440094,5.3944830894470215,442.3569603992818,236.72346210034323,-14.771771430969238,452.11350565831646,283.9352749557761,-7.149198532104492,464.4693252706948,284.19831304004924,8.19481086730957,496.1118071183213,244.77671124120107,-1.661707878112793,469.5145379260384,244.22504113576383,-20.83009147644043,475.93849068805326,288.83036325567133,-12.891380310058594,490.6456434737622,287.4946745692243,-0.6171767115592957,525.4587123610837,250.88898107478914,-9.516825675964355,496.6314269839059,252.0818339617046,-21.395431518554688,495.5983605099789,285.9632846200451,-13.406377792358398,509.47311035333684,288.0935122442687,-2.912607192993164,460.0,453.0,451.0,451.0,454.0,460.0,453.0,460.0,456.0,452.0,452.0,460.0,459.0,454.0,451.0,452.0,455.0,460.0,458.0,451.0,452.0,460.0,459.0,455.0,453.0,451.0,455.0,461.0,455.0,451.0,454.0,461.0,458.0,453.0,451.0,460.0,458.0,453.0,452.0,455.0,461.0,461.0,455.0,452.0,455.0,461.0,458.0,454.0,452.0,451.0,453.0,458.0,460.0,452.0,449.0,457.0,458.0,452.0,449.0,458.0,455.0,449.0,449.0,453.0,457.0,456.0,448.0,450.0,456.0,457.0,451.0,448.0,449.0,452.0,458.0,453.0,449.0,448.0,453.0,457.0,452.0,448.0,449.0,454.0,457.0,455.0,450.0,448.0,452.0,458.0,457.0,449.0,451.0,456.0,457.0,450.0,448.0,451.0,458.0,448.0
16,498.7755654539492,359.8577550472785,-0.000759713351726532,452.1652291567972,346.3749198309602,-13.99817180633545,411.22822663418754,307.2242073235262,-22.40122413635254,411.5176966108788,261.074161499336,-29.218793869018555,443.730936557775,233.8827005820478,-29.059059143066406,430.81463254245784,243.66464067926785,-3.520231246948242,419.0618232975891,232.70366166742392,-25.962265014648438,430.70355919534364,270.13697863436465,-18.128337860107422,442.6724715272435,279.88644586706675,1.2146437168121338,461.6974193493191,237.8878055486548,-4.699079990386963,446.2565578202838,233.98929474199133,-29.63861083984375,457.594732611011,280.44758565174556,-20.582361221313477,467.6101188853847,283.5165199091393,-3.4847490787506104,493.5809424385634,238.1609657438969,-10.152399063110352,474.5895953752963,244.01756714428623,-33.84726333618164,481.59660970508077,286.7318727796051,-24.219465255737305,492.7509888415613,285.85417448789815,-10.05975341796875,523.385335611738,242.07995662189353,-16.97610855102539,501.5656523195269,251.09562365901667,-33.264564514160156,501.6988338918029,285.3964939672419,-24.002952575683594,512.7146721240402,287.7995035598794,-11.362679481506348,456.0,458.0,453.0,450.0,457.0,455.0,450.0,448.0,450.0,454.0,452.0,448.0,452.0,458.0,453.0,449.0,449.0,458.0,455.0,450.0,448.0,453.0,458.0,456.0,450.0,448.0,450.0,457.0,455.0,450.0,448.0,453.0,458.0,448.0,457.0,457.0,452.0,449.0,449.0,457.0,449.0,448.0,451.0,457.0,455.0,449.0,456.0,457.0,449.0,448.0,451.0,455.0,457.0,451.0,448.0,450.0,456.0,457.0,454.0,449.0,447.0,449.0,447.0,452.0,457.0,452.0,447.0,450.0,456.0,452.0,448.0,448.0,451.0,447.0,447.0,454.0,456.0,452.0,449.0,447.0,448.0,455.0,453.0,448.0,446.0,448.0,454.0,454.0,446.0,451.0,456.0,452.0,446.0,448.0,451.0,447.0,446.0,451.0,456.0,450.0
17,504.5144117323692,357.88072153322076,-0.000891461968421936,458.28917765152124,346.05458519695645,-13.671852111816406,416.9915256935642,306.9343729097052,-20.658464431762695,414.69579624897347,261.14663207743195,-26.390853881835938,444.31475608098725,234.69710464906387,-25.8655948638916,436.6280629661348,244.70109693837716,-0.022664427757263184,426.0413151754966,230.25208335996297,-20.43494415283203,436.1463155738788,265.3460744161906,-12.658577919006348,447.22777787302516,274.74175791491837,5.955729961395264,466.7196542155777,239.9651428088732,-1.0564285516738892,451.69214021908107,232.62685742110926,-25.118864059448242,461.5090573166855,277.5832074825824,-18.488521575927734,471.79043523514105,280.4302458642909,-3.2559924125671387,497.66107668187345,241.34987853197953,-6.27714729309082,479.8192753167438,243.25075690725984,-29.03354263305664,485.9828322310936,284.7113040268841,-22.034305572509766,497.4603338270462,283.976928487084,-9.485763549804688,526.9598807201078,245.93771804054882,-12.889835357666016,506.6219026581653,251.91974409167344,-28.800458908081055,506.31727832192064,284.47849401865443,-21.514995574951172,517.298790102226,287.10897006549243,-10.051494598388672,446.0,449.0,456.0,452.0,447.0,447.0,450.0,454.0,455.0,451.0,446.0,455.0,454.0,449.0,446.0,446.0,449.0,453.0,448.0,447.0,448.0,455.0,455.0,448.0,447.0,454.0,452.0,448.0,446.0,449.0,456.0,456.0,452.0,447.0,447.0,450.0,454.0,455.0,451.0,448.0,446.0,447.0,456.0,448.0,447.0,450.0,456.0,452.0,449.0,447.0,456.0,449.0,447.0,448.0,455.0,455.0,448.0,449.0,454.0,456.0,449.0,447.0,448.0,452.0,457.0,452.0,447.0,455.0,456.0,449.0,447.0,457.0,447.0,449.0,455.0,457.0,451.0,447.0,451.0,457.0,454.0,449.0,447.0,454.0,451.0,448.0,447.0,450.0,456.0,456.0,448.0,446.0,455.0,453.0,447.0,0.0,0.0,0.0,0.0,0.0
18,501.64348013964127,359.5812940195765,-0.0007742941379547119,456.1627692731219,345.5863166583727,-13.986673355102539,416.5688329238046,304.77280294501645,-21.051877975463867,416.8557858122706,259.5644792136475,-26.597244262695312,448.2693776711996,234.76615027010467,-25.554990768432617,438.2441683206301,241.07661430963344,-0.8467773199081421,426.461654043609,231.2415134441318,-22.91558074951172,436.8375163756684,269.4444917459378,-15.386589050292969,447.61007601005576,278.8090313650516,4.015580654144287,468.3928634632131,236.6408723204128,-1.5010706186294556,452.3454731346598,234.70784362784786,-25.45915985107422,463.21397898520695,280.9111262621644,-16.608686447143555,473.37208306857156,282.6919385717868,0.8036010265350342,499.2732269342589,238.76294228022905,-6.576725959777832,479.4422470647175,244.21381963725403,-29.60190200805664,485.85129578315417,286.8962404674282,-21.723913192749023,497.45947159184806,285.557498497103,-8.434195518493652,528.0615044050884,243.7790112501972,-13.058572769165039,505.5720436708995,252.25116842635185,-29.981914520263672,505.46667727947073,286.04400346643735,-21.966552734375,517.134581827861,287.9872787739618,-9.948029518127441,449.0,446.0,446.0,454.0,452.0,447.0,445.0,448.0,453.0,455.0,450.0,447.0,446.0,448.0,455.0,449.0,449.0,455.0,446.0,446.0,453.0,447.0,446.0,453.0,455.0,448.0,446.0,449.0,455.0,451.0,448.0,446.0,446.0,449.0,454.0,455.0,451.0,446.0,450.0,454.0,447.0,446.0,449.0,455.0,447.0,446.0,448.0,455.0,453.0,447.0,447.0,453.0,455.0,448.0,447.0,451.0,456.0,455.0,450.0,447.0,447.0,450.0,454.0,455.0,451.0,448.0,446.0,447.0,455.0,446.0,448.0,455.0,456.0,452.0,448.0,447.0,453.0,447.0,447.0,454.0,448.0,446.0,451.0,456.0,450.0,447.0,447.0,450.0,455.0,453.0,448.0,446.0,454.0,452.0,447.0,450.0,455.0,449.0,446.0,447.0
19,494.70477697616195,360.3123814027087,-0.0004059895873069763,445.07874153813526,348.45657249453086,-16.97650718688965,406.9241437242237,309.33551539975963,-25.531749725341797,407.437763571239,266.4831728804992,-31.656530380249023,428.3632316923107,241.50144594347856,-31.190202713012695,418.45515199934334,240.46435693890993,-1.4218312501907349,417.06800520156514,228.8813938888083,-30.27861213684082,428.6580027065517,270.74938423474174,-26.236427307128906,434.5679270498502,283.51990060079555,-3.26314640045166,450.52991447373245,233.0463522631336,0.1446537971496582,447.3707184024185,226.7079048237653,-27.854948043823242,455.67557718977577,275.6889480543859,-14.242057800292969,461.34873140035614,276.3245341467707,11.744428634643555,485.05363645941486,233.79233995429675,-3.897641181945801,477.6143318035562,234.0917699686395,-29.819353103637695,478.33266813804056,278.84077928093797,-18.344202041625977,484.48763412911006,277.84482800524813,0.641019344329834,518.6112022116698,239.95448191918882,-9.373173713684082,505.0783976068423,242.5422798638175,-24.600563049316406,500.6623481048076,276.00357448997823,-12.249338150024414,507.21987548355656,278.67452419074624,5.6498942375183105,446.0,445.0,446.0,453.0,454.0,452.0,446.0,445.0,454.0,448.0,445.0,448.0,454.0,453.0,446.0,451.0,455.0,450.0,446.0,449.0,453.0,452.0,446.0,444.0,449.0,454.0,451.0,447.0,445.0,445.0,450.0,454.0,449.0,446.0,444.0,452.0,444.0,453.0,444.0,443.0,445.0,452.0,449.0,443.0,443.0,451.0,452.0,445.0,443.0,445.0,451.0,453.0,445.0,443.0,444.0,448.0,452.0,450.0,446.0,442.0,444.0,451.0,448.0,442.0,444.0,449.0,451.0,442.0,442.0,444.0,450.0,446.0,441.0,442.0,447.0,446.0,440.0,437.0,446.0,442.0,436.0,434.0,437.0,443.0,438.0,433.0,432.0,432.0,439.0,431.0,430.0,438.0,432.0,430.0,431.0,438.0,429.0,429.0,433.0,438.0
20,502.7108616795997,353.33979291047524,-0.0008933842182159424,450.34494426293423,344.6846417792632,-13.060134887695312,411.8548229500356,307.3549393557718,-20.7579345703125,386.683442469881,269.56872142149825,-28.61839485168457,369.49296866586155,237.26010406553164,-36.80695724487305,441.1117368164765,241.9659481219606,-7.547680854797363,427.2045374174428,199.86975973509624,-18.127544403076172,415.7079581461414,187.60024640451508,-28.17105484008789,406.112255062799,188.32209216297866,-34.774620056152344,474.31751510484435,234.62675253690628,-8.72144889831543,467.98667722152965,186.11395511647396,-19.647701263427734,453.62823082693626,177.8900270595159,-31.113597869873047,440.5193873525374,183.67342137022376,-39.322715759277344,506.2786522720714,237.20788572738513,-12.321484565734863,505.69722187499167,191.4149944910717,-22.220876693725586,491.32508469755805,183.36371893223995,-33.20093536376953,477.35459071080237,188.20587552085425,-41.08710479736328,537.9261957491497,247.73651920833066,-17.31551742553711,539.6778801550921,210.90564395314533,-26.797021865844727,528.4000797402745,198.7742982888857,-35.541500091552734,514.5104323827617,196.82477207474193,-42.5468864440918,431.0,435.0,433.0,430.0,429.0,432.0,438.0,432.0,429.0,431.0,439.0,436.0,430.0,430.0,437.0,433.0,431.0,436.0,438.0,433.0,432.0,436.0,442.0,439.0,434.0,434.0,442.0,443.0,437.0,436.0,435.0,446.0,439.0,437.0,439.0,447.0,446.0,439.0,440.0,446.0,445.0,441.0,441.0,446.0,452.0,445.0,443.0,446.0,453.0,448.0,445.0,447.0,455.0,453.0,447.0,446.0,451.0,456.0,455.0,450.0,457.0,456.0,451.0,448.0,450.0,458.0,451.0,449.0,453.0,458.0,452.0,459.0,455.0,451.0,454.0,460.0,459.0,454.0,452.0,455.0,461.0,459.0,454.0,452.0,453.0,457.0,461.0,463.0,458.0,454.0,454.0,462.0,462.0,455.0,456.0,463.0,462.0,456.0,455.0,462.0
21,504.37500865498794,351.3902833785474,-0.0012855380773544312,454.6069736997469,341.0952437426706,-12.229155540466309,417.51107036443494,304.01492796877443,-19.498680114746094,393.6293301384092,266.42309534987476,-27.062808990478516,380.43588220220283,234.41681238799887,-35.01301574707031,445.82303783677605,236.52159732146038,-5.695451259613037,432.97131924577405,196.16218859817724,-16.767131805419922,420.95294763537805,186.65907727031023,-28.270021438598633,410.5328079405514,190.31691890113086,-35.8593635559082,478.71575763288814,230.33398387260127,-7.3799004554748535,473.57703020426635,182.50086617470046,-18.93819808959961,457.9334764781859,177.8189729497771,-32.329708099365234,443.78228825926084,187.3603046082724,-41.71085739135742,510.2605217578412,233.89137450960752,-11.445554733276367,511.043977105694,188.48745018421755,-21.8992977142334,494.82700516824764,183.62279984269162,-34.55747985839844,479.697034446908,191.84726393752186,-43.41223907470703,541.7323291170084,245.0231843709764,-16.812318801879883,544.4549329928593,208.49991739216824,-26.357973098754883,531.6149767331841,197.65160279602478,-35.84507751464844,515.9031834948545,198.04151288797425,-43.50974655151367,455.0,463.0,463.0,457.0,457.0,461.0,462.0,456.0,454.0,459.0,463.0,459.0,454.0,453.0,460.0,463.0,456.0,454.0,463.0,459.0,455.0,454.0,454.0,461.0,462.0,453.0,455.0,459.0,463.0,457.0,453.0,454.0,460.0,461.0,454.0,453.0,454.0,461.0,460.0,455.0,453.0,459.0,457.0,453.0,452.0,457.0,462.0,459.0,454.0,453.0,453.0,459.0,462.0,453.0,458.0,454.0,459.0,462.0,453.0,453.0,458.0,462.0,458.0,454.0,453.0,459.0,462.0,458.0,453.0,454.0,460.0,462.0,457.0,453.0,454.0,460.0,462.0,455.0,453.0,458.0,462.0,453.0,452.0,462.0,459.0,453.0,452.0,457.0,458.0,453.0,453.0,461.0,457.0,453.0,452.0,458.0,460.0,454.0,451.0,451.0
22,506.55599301087284,345.5145032216826,4.775822162628174e-06,450.5985808014728,347.5065832307112,-5.750731945037842,407.6157014988764,328.5709673978986,-8.076505661010742,374.2871186768658,312.7827681349446,-10.848283767700195,347.5831420607776,307.56908623130795,-13.750588417053223,436.78799275595264,239.0545935578718,-0.2012014389038086,418.229487037355,199.89052565150155,-0.319344162940979,407.47277589643943,172.04501264309545,-1.426108956336975,400.857052346946,150.5308613841146,-3.1600615978240967,471.7616428135308,223.7975786022426,-1.5219296216964722,466.167672320585,173.73110111019153,-0.6710366010665894,463.62898265742405,137.1522101777707,-1.7423427104949951,464.2488169570568,111.160002544612,-2.497453212738037,505.65835567860614,225.8490221907933,-4.199457168579102,513.0957216624544,179.0806071185707,-4.318629264831543,519.2706543027675,142.86109919905823,-4.757168769836426,525.4578209934913,114.75843914061296,-5.153312683105469,537.6304797685763,243.33953297920243,-8.033483505249023,562.4986336627742,211.0003709564132,-9.159672737121582,580.4935375429382,186.57457470618857,-9.36447811126709,596.8122554191563,160.5594414163764,-8.971643447875977,441.0,443.0,449.0,444.0,439.0,438.0,441.0,446.0,439.0,436.0,438.0,444.0,442.0,438.0,435.0,434.0,436.0,443.0,440.0,435.0,433.0,437.0,442.0,439.0,434.0,434.0,440.0,436.0,433.0,432.0,438.0,441.0,434.0,432.0,437.0,442.0,437.0,433.0,436.0,443.0,436.0,434.0,435.0,442.0,443.0,439.0,436.0,435.0,441.0,438.0,436.0,437.0,443.0,444.0,437.0,437.0,444.0,446.0,444.0,438.0,437.0,444.0,447.0,440.0,438.0,441.0,447.0,446.0,442.0,439.0,440.0,445.0,448.0,442.0,440.0,440.0,443.0,449.0,448.0,450.0,449.0,444.0,443.0,443.0,450.0,444.0,450.0,454.0,447.0,445.0,448.0,454.0,451.0,447.0,446.0,448.0,452.0,456.0,451.0,448.0
23,501.7510561563104,351.0868761186845,1.4826655387878418e-05,447.6399398743189,350.58999107229,-6.403204441070557,405.60879254151484,328.79806488449356,-9.54037857055664,372.01309390708127,313.55279745488383,-13.05617904663086,344.05608723754534,308.42863375464947,-16.644990921020508,434.9335599541027,237.95376449126582,-3.6008176803588867,413.1427534599193,196.70574456863088,-4.683776378631592,400.4290447206784,167.7227380334885,-6.125555038452148,392.56174948105513,145.05431629279443,-8.083266258239746,470.3747538406898,224.10082193119132,-5.286882400512695,461.92278072418117,170.85592292820672,-5.6837615966796875,458.1291921535461,133.14643723100295,-7.103414535522461,457.4550183733774,106.0682038604529,-8.033605575561523,504.8882882812033,227.3704018505161,-8.32800006866455,511.4502434041392,178.12368802414576,-9.1791410446167,517.3147268932702,140.8516372748752,-9.534229278564453,523.0261086908702,111.6099449537038,-9.853974342346191,537.5333307792398,246.44891800807483,-12.577058792114258,565.4471186006858,212.10630086619912,-14.35905647277832,585.2194719124578,185.50529307826363,-14.771042823791504,602.412938577756,157.21469086969105,-14.523929595947266,447.0,451.0,456.0,453.0,450.0,448.0,448.0,456.0,449.0,455.0,458.0,458.0,452.0,450.0,459.0,454.0,450.0,453.0,459.0,456.0,452.0,453.0,459.0,460.0,453.0,451.0,456.0,461.0,458.0,452.0,452.0,453.0,459.0,460.0,453.0,460.0,454.0,453.0,456.0,462.0,458.0,454.0,454.0,461.0,461.0,456.0,454.0,454.0,459.0,462.0,461.0,455.0,453.0,454.0,460.0,463.0,458.0,455.0,455.0,460.0,463.0,456.0,454.0,457.0,459.0,454.0,454.0,463.0,461.0,456.0,454.0,458.0,463.0,456.0,454.0,455.0,458.0,463.0,460.0,454.0,461.0,462.0,459.0,456.0,454.0,456.0,460.0,463.0,454.0,463.0,0.0,0.0,0.0,0.0,0.0,0.0,0.0,0.0,0.0,0.0
24,503.97950540334693,350.760435003574,4.3585896492004395e-06,449.77365655434573,350.5252665424813,-6.730654716491699,406.96940186238146,329.1160900529363,-9.913307189941406,371.9954981475234,314.7391649292867,-13.531964302062988,341.95472561226893,311.08883627255886,-17.21652603149414,435.78053477099303,238.39639572333624,-3.3382534980773926,413.59432557724176,197.8681037458596,-4.8085174560546875,400.3842466608584,169.56008805537192,-6.959295749664307,391.9442783886259,147.15913283941592,-9.467460632324219,470.596806933598,224.51888966829495,-5.044706344604492,461.5489901133924,171.60700726154283,-5.679507732391357,457.25829400158426,134.69646477990727,-7.583223819732666,455.9104972473455,107.42235578930999,-8.9127779006958,504.4753643700535,227.49725985913184,-8.202473640441895,510.48521030808683,178.71986079753447,-9.169116020202637,515.7692322462079,142.3136420276264,-9.844051361083984,520.5977574107014,112.93799715138931,-10.50308895111084,536.4373216025333,246.25589440975136,-12.666955947875977,563.3803896060178,212.3028995611247,-14.42134952545166,582.3861657151285,186.45736775935285,-14.928021430969238,598.8033231168481,158.27341072733554,-14.855234146118164,457.0,455.0,454.0,456.0,463.0,460.0,454.0,456.0,463.0,457.0,454.0,459.0,463.0,459.0,455.0,454.0,459.0,462.0,456.0,453.0,456.0,462.0,463.0,456.0,453.0,455.0,461.0,462.0,459.0,455.0,453.0,454.0,459.0,460.0,454.0,456.0,462.0,461.0,456.0,453.0,455.0,461.0,460.0,453.0,455.0,461.0,460.0,455.0,453.0,457.0,462.0,459.0,454.0,453.0,454.0,461.0,461.0,455.0,452.0,455.0,459.0,462.0,459.0,455.0,453.0,461.0,454.0,453.0,453.0,458.0,457.0,452.0,456.0,462.0,457.0,453.0,453.0,459.0,461.0,458.0,453.0,453.0,458.0,461.0,456.0,454.0,452.0,455.0,460.0,458.0,453.0,454.0,460.0,453.0,452.0,454.0,459.0,454.0,452.0,458.0
25,506.99662239447184,357.3938831145148,-0.00017188489437103271,451.50611581455183,351.9357642359033,-4.993051052093506,407.7485853353807,325.24054096947793,-7.170172691345215,371.7408660672997,303.8967353137379,-10.098438262939453,339.8638370734079,293.19254165977475,-13.148043632507324,439.48122159592674,236.17174926756553,-0.4684363603591919,415.54946079172174,191.40500202098477,-1.454757571220398,400.0721358816362,161.30564827759815,-3.0921785831451416,389.24761815153045,137.16582501154488,-5.3131303787231445,473.93720717786954,222.68133621421876,-3.047377586364746,462.81453342996525,164.83197469536736,-3.484042167663574,456.29442327209455,125.46873926692194,-5.338413715362549,452.9934301335115,96.04428699477354,-6.575189590454102,507.5909752610448,225.18732578101796,-7.107139587402344,511.19851445430913,171.89052857251573,-8.28678035736084,513.6947065386523,133.05813117614156,-9.494521141052246,516.6547739666825,101.98447555658754,-10.253073692321777,539.4311083812258,242.6659845310162,-12.27215576171875,564.3081386397719,204.15598851477006,-14.482948303222656,581.4930745257111,175.21289871374705,-15.497053146362305,596.7279542484932,144.43388640369778,-15.669001579284668,452.0,460.0,457.0,452.0,455.0,461.0,459.0,451.0,453.0,459.0,460.0,454.0,451.0,456.0,461.0,456.0,452.0,452.0,454.0,459.0,460.0,453.0,452.0,455.0,461.0,460.0,456.0,452.0,456.0,456.0,457.0,460.0,459.0,453.0,454.0,460.0,461.0,453.0,452.0,454.0,459.0,461.0,458.0,453.0,453.0,460.0,460.0,454.0,453.0,458.0,462.0,457.0,454.0,453.0,459.0,461.0,458.0,453.0,453.0,459.0,459.0,452.0,452.0,457.0,461.0,454.0,451.0,455.0,460.0,455.0,451.0,451.0,453.0,460.0,458.0,451.0,450.0,454.0,458.0,460.0,455.0,452.0,450.0,459.0,451.0,450.0,453.0,459.0,453.0,451.0,452.0,460.0,459.0,453.0,451.0,453.0,461.0,458.0,453.0,452.0
26,508.62596345575474,358.0869557332019,-0.0012207776308059692,454.3389129271096,342.51289429337675,-8.964670181274414,414.97791929153993,302.9012298386001,-12.96307373046875,385.19926612283246,264.18937083616163,-17.628826141357422,358.2115919862223,231.93762642793823,-22.24166488647461,439.69913631552276,233.54787227313776,1.3270854949951172,424.8731793728432,191.38126074486266,-2.188201904296875,415.29774471236664,164.48790789533288,-7.031988620758057,406.69480105668345,144.07520110326274,-11.54266357421875,472.4641147997463,227.12920088212056,-0.05056190490722656,458.974657761714,180.57823857339463,-6.158504486083984,447.9114488182582,161.6302384577151,-14.92903995513916,437.7268585499324,151.34190379119588,-21.042171478271484,504.51134531550883,228.8547208280173,-3.4147965908050537,495.9319818472779,185.02329913249855,-10.036314010620117,483.9540088502849,171.71374524346732,-19.259233474731445,472.867692796846,167.06559658121722,-25.68906593322754,536.9255752812423,237.57362896090606,-7.955538749694824,532.3037805081269,200.6895971708166,-14.365182876586914,520.0489124989565,185.65591268673236,-20.921993255615234,507.07281230525933,178.33234964743752,-25.864896774291992,461.0,453.0,455.0,459.0,455.0,453.0,454.0,460.0,454.0,453.0,460.0,462.0,455.0,456.0,462.0,457.0,453.0,453.0,457.0,462.0,456.0,454.0,453.0,462.0,453.0,461.0,460.0,455.0,454.0,459.0,462.0,457.0,453.0,453.0,460.0,460.0,452.0,451.0,454.0,459.0,460.0,453.0,450.0,451.0,454.0,459.0,455.0,450.0,449.0,454.0,452.0,449.0,452.0,457.0,457.0,451.0,449.0,457.0,457.0,451.0,449.0,450.0,457.0,455.0,449.0,450.0,456.0,456.0,451.0,449.0,449.0,455.0,458.0,453.0,449.0,449.0,453.0,456.0,450.0,449.0,456.0,448.0,450.0,454.0,457.0,450.0,448.0,456.0,455.0,450.0,448.0,449.0,455.0,456.0,450.0,448.0,450.0,455.0,457.0,453.0
27,509.59972896084327,358.1785575199442,-0.000958271324634552,453.3119798616959,342.1314061079786,-7.893976211547852,412.5912362815095,301.510984891387,-11.852746963500977,381.8922724740882,262.07444781788,-16.49641227722168,355.9146558333507,227.68622432043009,-20.74905014038086,441.9718320885295,228.56634310638117,0.9202659130096436,427.0346063059867,187.3445599559756,-4.642956256866455,415.24461186380995,161.87913448478005,-12.462174415588379,404.80488763294306,144.3081664836655,-19.103832244873047,470.9650860378851,222.50824554998056,-1.900551199913025,459.1218837762597,174.0830993504347,-11.761164665222168,443.5795667386974,167.45853418446842,-24.77609634399414,430.62149006488715,172.32542910717933,-33.830928802490234,500.47496693735144,224.85906857643383,-6.494448661804199,491.7936532580573,177.75890224670061,-16.76038360595703,476.85679166125044,177.84194115501091,-29.642946243286133,465.49992930168105,189.99448341640888,-38.24085998535156,530.7176980565747,235.3519997485139,-11.93082046508789,521.8918215065407,195.13984242312765,-20.688161849975586,506.36775044470767,188.98635306273255,-29.873027801513672,492.82728272516795,195.27044673993777,-37.174285888671875,450.0,448.0,451.0,455.0,457.0,452.0,447.0,450.0,456.0,453.0,447.0,449.0,455.0,451.0,448.0,448.0,453.0,456.0,449.0,447.0,450.0,456.0,456.0,452.0,447.0,455.0,453.0,448.0,447.0,448.0,452.0,456.0,448.0,447.0,454.0,451.0,448.0,447.0,447.0,453.0,453.0,447.0,447.0,454.0,454.0,448.0,447.0,452.0,456.0,451.0,447.0,447.0,454.0,454.0,449.0,447.0,447.0,450.0,453.0,449.0,447.0,451.0,455.0,449.0,447.0,451.0,455.0,456.0,450.0,447.0,452.0,456.0,450.0,447.0,449.0,455.0,456.0,449.0,447.0,448.0,454.0,454.0,449.0,447.0,447.0,450.0,456.0,451.0,448.0,447.0,453.0,455.0,449.0,447.0,0.0,0.0,0.0,0.0,0.0,0.0
28,508.60482417223676,357.5339825135146,-0.0012360885739326477,450.4061293135778,338.0373322750175,-7.4334716796875,410.20663735392446,298.15528881560465,-11.212434768676758,381.34392923349793,258.9724095664684,-15.639777183532715,363.72025027921967,226.82998168319145,-19.48959732055664,446.03309171388213,228.32577671785407,3.073673725128174,435.95406445004215,183.15049123870116,-1.51583731174469,426.9966190691926,158.69080188427716,-8.64396858215332,419.9372142886632,143.37526520979412,-14.623369216918945,474.5865310755815,223.93603520420993,0.9139610528945923,465.44584800056964,173.14826862963048,-8.351469039916992,451.90195139682254,167.1674434806877,-20.9072322845459,442.81790745750357,173.2443033504191,-29.30723762512207,503.4574210586136,226.83137871872194,-2.8983025550842285,497.67469683562337,177.27292592802797,-11.87347412109375,483.70571473800584,178.34035312377532,-23.844541549682617,474.6377393958776,191.83496610018528,-31.59609031677246,532.8625982735392,237.16805656811133,-7.600840091705322,527.0009042062204,193.91708949867652,-15.517560958862305,512.5943121373657,186.3627502388902,-24.003890991210938,500.8811734800561,193.19697556971843,-30.443134307861328,447.0,454.0,454.0,448.0,446.0,447.0,453.0,455.0,449.0,447.0,455.0,451.0,446.0,446.0,449.0,455.0,449.0,446.0,450.0,455.0,450.0,446.0,446.0,451.0,455.0,448.0,446.0,449.0,454.0,454.0,450.0,446.0,445.0,446.0,454.0,453.0,445.0,446.0,452.0,454.0,446.0,445.0,447.0,454.0,449.0,445.0,446.0,453.0,447.0,445.0,448.0,453.0,454.0,448.0,445.0,447.0,453.0,454.0,449.0,445.0,446.0,452.0,454.0,451.0,445.0,454.0,447.0,446.0,451.0,449.0,446.0,449.0,455.0,451.0,446.0,450.0,455.0,451.0,447.0,447.0,456.0,454.0,449.0,447.0,449.0,456.0,452.0,448.0,449.0,456.0,449.0,451.0,456.0,457.0,452.0,448.0,454.0,458.0,453.0,449.0
29,511.96064724139404,356.86413998410166,-0.0014042183756828308,454.2355324833248,338.3864761767331,-8.038254737854004,415.0420023566291,297.56964979764564,-11.88265323638916,386.7369386893739,257.3848042270315,-16.389558792114258,364.67393056883054,221.79939343102626,-20.38421058654785,443.2267232701226,229.95638712419958,2.5817859172821045,429.9095441985244,187.58590669667618,-2.2639153003692627,420.432349952509,161.67441750740443,-9.30319595336914,412.35167909592406,143.99297350156797,-15.413688659667969,472.838415662191,224.49370629104067,0.31086647510528564,461.5195291488291,177.0389179704034,-9.074793815612793,448.8346892885386,171.36812510354662,-21.78956413269043,438.9471247211021,176.57095445603775,-30.558122634887695,503.2646742576252,226.02784176180617,-3.777578353881836,495.3167145153223,179.1102113667124,-13.208063125610352,482.4373331639187,180.1197125583355,-25.652132034301758,473.1878916640975,192.8558092937778,-33.979400634765625,534.5148794536271,234.70324129176578,-8.780733108520508,526.4404684296431,193.8875967403731,-17.166637420654297,511.6206309528918,187.91029946493398,-26.03162384033203,499.0863851777706,195.15591299209817,-32.9570426940918,457.0,448.0,457.0,452.0,448.0,454.0,456.0,449.0,447.0,449.0,455.0,454.0,446.0,448.0,453.0,455.0,449.0,447.0,446.0,448.0,454.0,452.0,446.0,446.0,455.0,453.0,446.0,455.0,447.0,445.0,449.0,454.0,445.0,446.0,451.0,455.0,450.0,446.0,446.0,450.0,453.0,448.0,446.0,449.0,454.0,454.0,448.0,446.0,447.0,453.0,445.0,446.0,453.0,447.0,445.0,450.0,454.0,447.0,445.0,449.0,454.0,448.0,445.0,446.0,452.0,454.0,453.0,447.0,446.0,445.0,448.0,453.0,454.0,450.0,447.0,445.0,447.0,454.0,446.0,452.0,447.0,446.0,448.0,454.0,453.0,448.0,446.0,453.0,455.0,449.0,446.0,448.0,454.0,454.0,447.0,446.0,447.0,451.0,455.0,453.0
30,505.520325784287,386.6209926217873,0.0001667812466621399,454.30279864203976,357.9040787479061,-5.735129356384277,419.8923893064524,312.9447810836029,-9.46514892578125,409.36017015895663,267.8047061379803,-15.105220794677734,420.42220296763367,239.34608553042474,-19.06385612487793,445.0061034531762,240.93622510885547,7.785864353179932,432.44097388376963,216.60528656396014,-6.310296535491943,433.9929232242238,244.3952827585921,-9.824324607849121,436.7095418112325,260.50622583422705,-6.268251895904541,476.24828803542067,240.72386851793283,5.058104991912842,461.17031527112647,225.16664013854353,-13.367441177368164,461.6632162982812,279.46303304613957,-15.70654582977295,465.5668953558198,297.0143030074576,-8.816397666931152,508.4859780466662,247.44365457540135,-0.6157498359680176,493.7761051605306,237.9342132067811,-17.4729061126709,488.6455875743208,290.1005690403714,-17.64198112487793,492.44029124866114,305.4632714927369,-10.933905601501465,541.3645855877521,258.57379349956597,-6.877264976501465,528.3865578076997,248.29339935034554,-17.86425018310547,515.8853124094903,279.1503141609747,-16.283985137939453,515.0482385027269,289.5517570888422,-9.69569206237793,453.0,447.0,446.0,449.0,455.0,451.0,447.0,447.0,455.0,455.0,448.0,447.0,450.0,455.0,457.0,452.0,448.0,448.0,455.0,458.0,450.0,449.0,457.0,459.0,451.0,450.0,453.0,460.0,454.0,451.0,455.0,461.0,456.0,452.0,452.0,457.0,461.0,459.0,455.0,452.0,454.0,460.0,460.0,454.0,452.0,452.0,457.0,461.0,457.0,453.0,451.0,453.0,460.0,454.0,451.0,452.0,460.0,457.0,452.0,456.0,460.0,458.0,453.0,450.0,452.0,456.0,460.0,457.0,452.0,450.0,451.0,457.0,459.0,452.0,450.0,450.0,453.0,457.0,455.0,452.0,449.0,451.0,457.0,459.0,454.0,450.0,450.0,457.0,455.0,449.0,449.0,456.0,456.0,449.0,448.0,453.0,457.0,453.0,450.0,448.0
31,509.46518505861314,368.273987157119,-0.0007903128862380981,468.10082948245383,351.98599333511356,-25.9149227142334,431.37446212034905,318.07539859045147,-43.216102600097656,443.4440825018519,278.24358681854613,-56.65111541748047,494.48877156901136,259.014828758599,-61.18979263305664,458.5140354409304,258.3426625634974,-21.992740631103516,463.5596173133507,240.63151846766442,-54.91501998901367,471.5643340236428,281.9680576698565,-55.26420211791992,472.7632052332982,297.79023701317476,-40.050498962402344,490.0858598529707,259.58882093374837,-17.50490951538086,498.34256657177815,245.1794768105843,-49.99080276489258,499.5003420174283,296.49064785358723,-38.58624267578125,494.7937357164578,304.48356089902296,-17.068729400634766,522.7061453668097,264.374714651117,-18.256298065185547,526.8828043481692,257.9479805409121,-49.628726959228516,519.9147397293053,305.50918430000854,-38.914852142333984,513.9957900056786,308.90805368743554,-21.09238624572754,551.2969891876104,274.32502566996465,-20.838932037353516,549.4563358155108,270.1124539554105,-42.80236053466797,540.0096855487434,303.92334708842793,-33.40388488769531,534.036501302577,310.1734661750067,-18.182466506958008,447.0,447.0,450.0,456.0,452.0,448.0,453.0,457.0,452.0,448.0,447.0,454.0,455.0,448.0,449.0,454.0,456.0,452.0,448.0,447.0,449.0,455.0,447.0,447.0,453.0,455.0,448.0,447.0,454.0,456.0,450.0,447.0,446.0,450.0,456.0,446.0,448.0,454.0,452.0,446.0,453.0,455.0,448.0,446.0,449.0,455.0,451.0,446.0,454.0,452.0,447.0,445.0,447.0,455.0,445.0,448.0,455.0,450.0,445.0,449.0,452.0,447.0,445.0,445.0,450.0,454.0,449.0,445.0,446.0,448.0,454.0,450.0,446.0,445.0,452.0,451.0,445.0,452.0,454.0,451.0,447.0,445.0,452.0,454.0,448.0,445.0,447.0,454.0,450.0,446.0,446.0,452.0,449.0,446.0,445.0,447.0,451.0,454.0,452.0,448.0
32,511.6223389802103,367.7882776609744,-0.0011732354760169983,471.3712842849605,350.38555868322874,-27.348031997680664,436.9030496916518,315.753666158668,-44.70975112915039,450.6737566122828,275.83819373528075,-57.408206939697266,500.1297339999648,253.95166311434957,-60.36425018310547,456.77258577274347,258.33961837437045,-25.04519271850586,462.5280755953052,240.66425934047254,-58.22654724121094,472.3151428290623,278.2663762142757,-56.81100082397461,474.3687778848051,291.23190304744554,-40.189125061035156,489.44976232446265,257.7650514907972,-19.584854125976562,498.2299471975957,242.99344572729126,-52.510581970214844,500.663161445036,292.19369913630294,-38.49589538574219,496.070742640814,298.5896265916021,-14.76459789276123,523.2388181749271,261.0991193899459,-19.454530715942383,528.9461738295716,255.52485251603326,-50.545101165771484,522.2468737639701,302.0503485360857,-37.57436752319336,515.2540010290553,304.18270444332285,-18.175668716430664,552.3204888726808,270.4762358270051,-21.248394012451172,552.0330204216468,268.41994228742783,-43.679630279541016,542.8940753532851,302.5249698447472,-32.89453887939453,536.6182454878106,307.39871316073345,-16.071449279785156,445.0,446.0,453.0,448.0,445.0,453.0,453.0,445.0,447.0,453.0,453.0,446.0,445.0,447.0,454.0,446.0,445.0,447.0,453.0,452.0,445.0,445.0,452.0,453.0,446.0,445.0,452.0,448.0,445.0,448.0,454.0,448.0,449.0,454.0,449.0,446.0,445.0,450.0,455.0,449.0,445.0,449.0,455.0,453.0,448.0,447.0,448.0,454.0,457.0,454.0,448.0,449.0,458.0,454.0,450.0,457.0,450.0,449.0,452.0,458.0,451.0,448.0,452.0,457.0,456.0,450.0,448.0,447.0,455.0,456.0,450.0,446.0,448.0,454.0,455.0,451.0,446.0,452.0,447.0,445.0,446.0,454.0,447.0,445.0,447.0,0.0,0.0,0.0,0.0,0.0,0.0,0.0,0.0,0.0,0.0,0.0,0.0,0.0,0.0,0.0
33,512.4546289825,364.5867776690707,-0.001300230622291565,473.15810609921317,345.0748251904017,-26.303728103637695,440.38057063603725,310.6950052644123,-43.63671112060547,454.8919433323595,272.0453970598075,-56.2015495300293,504.1837717605196,253.17761018407904,-58.76616668701172,460.7757012928352,254.47071868482124,-26.817935943603516,465.3989902430371,241.41300584587628,-59.032615661621094,472.51568176751056,276.433534191459,-54.9365119934082,472.45117901485213,282.34414144566927,-37.70705795288086,492.64580968769604,253.3731510139864,-21.622840881347656,499.35710914038657,243.58840082966603,-52.523948669433594,499.62937913933257,288.45332455455707,-34.192970275878906,495.20262823567214,289.4767129865383,-8.740104675292969,526.0915168308657,257.16099271259503,-21.657426834106445,528.318066710307,255.6956326611956,-50.58863830566406,521.2107356850717,297.9477414535217,-33.02232360839844,516.586396073781,295.34016060642625,-12.125357627868652,553.8648966265314,267.8752800306855,-23.59764289855957,549.5783707974551,269.11346339187577,-43.758277893066406,540.2373720344549,301.78570637493607,-29.23324966430664,536.6564179803061,303.3369321254782,-11.237051963806152,446.0,452.0,454.0,451.0,445.0,444.0,448.0,454.0,452.0,448.0,445.0,447.0,453.0,447.0,445.0,451.0,453.0,447.0,444.0,450.0,454.0,450.0,445.0,445.0,448.0,454.0,452.0,446.0,444.0,447.0,451.0,453.0,447.0,444.0,448.0,454.0,447.0,448.0,453.0,446.0,444.0,454.0,447.0,453.0,454.0,447.0,445.0,450.0,454.0,448.0,444.0,446.0,453.0,453.0,449.0,445.0,452.0,453.0,447.0,444.0,447.0,444.0,448.0,454.0,448.0,445.0,448.0,454.0,450.0,446.0,445.0,452.0,453.0,447.0,445.0,448.0,452.0,448.0,446.0,445.0,452.0,455.0,447.0,448.0,454.0,453.0,448.0,445.0,447.0,450.0,445.0,449.0,455.0,448.0,445.0,450.0,454.0,454.0,448.0,446.0
34,518.7208923295508,360.9557096937511,2.8386712074279785e-06,469.87332953686354,350.829126481003,-15.574846267700195,434.13527456328393,317.70615683658116,-24.95982551574707,416.64638394190456,281.66584290142316,-33.567840576171875,424.38050235784203,254.96964919527616,-42.39005661010742,472.59475274194443,249.10352102458796,-13.902534484863281,468.04558420601086,205.9210260649212,-29.056928634643555,464.11804136529446,204.98128807581654,-43.67720413208008,462.3657982659998,222.21036305979058,-52.1491584777832,508.16013337031467,244.51102920869104,-14.095466613769531,514.1028102032388,197.15287836274297,-28.498315811157227,507.26921180227936,197.22725045009662,-44.23963928222656,501.8241930842604,216.9215084727565,-54.6750602722168,541.007646834319,252.08859033297438,-16.842172622680664,554.2954968000254,208.0482313475531,-29.24709701538086,547.0598814161556,205.31863021476633,-43.61819839477539,539.9704289751676,220.5167203627158,-52.975337982177734,572.0344352538982,270.5296029409769,-21.061012268066406,591.3397477752038,238.9658718971495,-33.24305725097656,590.3732502274892,230.17719861532566,-44.961246490478516,583.9629328535956,236.46843465445397,-53.86928939819336,446.0,447.0,455.0,448.0,445.0,447.0,455.0,450.0,446.0,445.0,453.0,453.0,447.0,444.0,447.0,452.0,450.0,446.0,443.0,444.0,450.0,448.0,441.0,445.0,448.0,441.0,440.0,446.0,448.0,442.0,438.0,441.0,448.0,443.0,438.0,438.0,446.0,446.0,439.0,437.0,442.0,442.0,439.0,437.0,438.0,441.0,446.0,444.0,438.0,438.0,445.0,445.0,440.0,438.0,443.0,443.0,438.0,441.0,448.0,439.0,448.0,446.0,440.0,439.0,444.0,448.0,446.0,441.0,440.0,443.0,449.0,449.0,444.0,441.0,449.0,450.0,444.0,442.0,446.0,450.0,450.0,443.0,447.0,451.0,445.0,443.0,446.0,450.0,452.0,446.0,443.0,445.0,452.0,450.0,445.0,444.0,445.0,449.0,453.0,452.0
35,524.6954338566051,366.4503161495408,0.00011651962995529175,479.18436250919456,359.0309341713714,-17.247655868530273,442.71128566263775,326.64814238017976,-27.001083374023438,422.4276431663719,291.9114517143716,-35.788902282714844,420.24584887786585,264.31953573300007,-44.26655578613281,474.6066776953994,249.2724480181871,-14.029932022094727,463.96853160129933,207.31990047225548,-26.0217227935791,460.58435822184725,197.13631753905565,-38.37168884277344,459.5284804765965,204.6718473380855,-46.80103302001953,511.98112595927955,241.1647003229815,-13.261038780212402,511.1277227635424,192.96676115891773,-23.941286087036133,507.49702671443805,182.6775754364195,-36.882442474365234,503.00509880814406,192.8986522009769,-46.52799987792969,546.2163540133286,247.21583116008267,-15.171670913696289,553.3488866453554,203.52401125017195,-25.39684295654297,549.5176921780868,193.87275004825062,-37.57149887084961,544.1284576999396,201.17229060229533,-45.7536735534668,578.5806741578682,265.2957696497044,-18.812002182006836,594.6972007225817,234.9376273267088,-29.371742248535156,597.6838159051915,222.8242108371761,-38.891746520996094,595.8938651741403,222.1211670297999,-46.07600021362305,448.0,444.0,446.0,452.0,454.0,444.0,454.0,448.0,445.0,448.0,455.0,446.0,451.0,451.0,446.0,448.0,456.0,451.0,447.0,447.0,454.0,456.0,450.0,447.0,447.0,450.0,456.0,452.0,448.0,447.0,448.0,454.0,453.0,447.0,450.0,456.0,450.0,447.0,453.0,454.0,449.0,447.0,449.0,455.0,454.0,449.0,448.0,452.0,457.0,451.0,448.0,448.0,451.0,456.0,454.0,448.0,449.0,455.0,454.0,448.0,448.0,457.0,453.0,449.0,454.0,457.0,451.0,448.0,452.0,457.0,452.0,448.0,448.0,453.0,457.0,451.0,448.0,451.0,457.0,455.0,449.0,448.0,448.0,455.0,457.0,450.0,448.0,453.0,0.0,0.0,0.0,0.0,0.0,0.0,0.0,0.0,0.0,0.0,0.0,0.0
36,525.0349557294214,366.1623429182622,-0.0001483634114265442,478.58119808374204,356.2165905151171,-16.170623779296875,442.6822850179552,321.8672742363725,-25.10907554626465,422.4309746454717,285.4594432084982,-33.50129699707031,417.6594201876296,256.773964178196,-41.98717498779297,475.6763199864716,248.0967211860741,-10.672828674316406,465.6917671480462,206.2477138761518,-21.99567222595215,461.6398507546038,195.94457104489106,-34.64019775390625,459.7003906507464,202.90506128832868,-43.192203521728516,512.1350216886316,241.09448684750842,-10.159460067749023,510.98946571919174,193.5457087231772,-19.950254440307617,506.7982515906043,183.29122839717718,-32.80809020996094,502.2756827357709,192.8172300237647,-42.27454376220703,545.6464951028387,247.42620734376163,-12.356346130371094,551.7921568895384,204.5918875012237,-21.343135833740234,547.9902103249525,194.5058743384675,-33.01908874511719,542.9100507925618,200.79521279307548,-40.99201583862305,577.4048930876118,264.8212813415723,-16.31199836730957,591.9892928946236,235.5919146985353,-25.422643661499023,595.0064514022254,223.4521543708929,-34.22217559814453,593.8469228028024,221.8282197569846,-41.03345489501953,452.0,448.0,448.0,453.0,457.0,453.0,449.0,448.0,449.0,455.0,457.0,454.0,449.0,448.0,451.0,455.0,457.0,448.0,456.0,455.0,450.0,448.0,449.0,454.0,456.0,449.0,448.0,455.0,456.0,450.0,448.0,453.0,457.0,451.0,448.0,449.0,456.0,454.0,448.0,448.0,452.0,456.0,454.0,449.0,451.0,457.0,448.0,450.0,457.0,452.0,449.0,448.0,456.0,456.0,450.0,448.0,453.0,457.0,453.0,448.0,448.0,456.0,456.0,449.0,448.0,451.0,455.0,457.0,450.0,448.0,453.0,457.0,453.0,448.0,450.0,457.0,456.0,449.0,448.0,452.0,457.0,449.0,449.0,448.0,449.0,455.0,457.0,451.0,448.0,448.0,454.0,457.0,454.0,449.0,457.0,454.0,450.0,448.0,452.0,457.0
37,526.673765919707,370.1720458828885,-0.0002215653657913208,477.604332508018,350.00932668907745,-16.80084991455078,442.8392109502202,312.9274795044505,-26.27672004699707,425.4747808565034,275.86474182617695,-34.97769546508789,429.7138859219789,247.54477206285478,-43.990447998046875,474.5519642379805,244.72868340299007,-12.917264938354492,468.11018948555784,195.96503096126608,-28.944229125976562,467.3318278237862,204.82393525793586,-45.08161163330078,469.7956739383975,230.4079359031796,-54.16013717651367,509.1372026002247,242.29939151713452,-11.887801170349121,510.06345867986005,186.46861580437314,-29.391996383666992,505.37374720531017,200.77076165304908,-47.33050537109375,503.1047481565338,230.5260175509531,-58.00077438354492,542.8456391337884,248.42080303277257,-13.38921070098877,549.777003237329,196.56209520362688,-28.404624938964844,541.5425185409694,207.56633230973625,-44.29740905761719,535.5142507095837,233.6851618129749,-53.242679595947266,576.5309970864812,262.32488235726566,-16.21944808959961,589.9256015579082,223.98616778122488,-28.98792839050293,584.6503719574584,220.49721740534102,-39.61152267456055,576.2793669549634,233.9556653775584,-46.70244216918945,454.0,457.0,450.0,448.0,450.0,455.0,455.0,450.0,448.0,449.0,457.0,450.0,448.0,448.0,454.0,457.0,454.0,449.0,448.0,448.0,455.0,457.0,450.0,448.0,451.0,457.0,455.0,449.0,455.0,456.0,449.0,448.0,448.0,454.0,456.0,450.0,448.0,453.0,457.0,453.0,450.0,448.0,448.0,454.0,457.0,455.0,449.0,448.0,448.0,452.0,456.0,457.0,452.0,448.0,449.0,455.0,448.0,449.0,457.0,450.0,448.0,448.0,457.0,454.0,449.0,448.0,457.0,454.0,449.0,447.0,451.0,456.0,454.0,449.0,447.0,449.0,455.0,455.0,449.0,447.0,450.0,455.0,451.0,448.0,451.0,456.0,456.0,453.0,449.0,449.0,458.0,455.0,450.0,449.0,454.0,459.0,455.0,450.0,451.0,458.0
38,518.7147095185858,365.9957814103011,-0.0006001144647598267,472.694595772715,348.9941208111393,-18.606765747070312,440.5134198474833,311.534707481236,-30.0354061126709,459.76227367788465,272.0768114197708,-39.614166259765625,510.3800965915206,265.8328943812854,-42.77978515625,463.39379407397166,252.90999424062375,-7.872965335845947,463.74096630979807,222.78505325564956,-35.48332214355469,471.7228312349385,256.41416809042335,-44.563602447509766,478.2987852855836,276.0553940930123,-36.44330596923828,496.5212005638972,252.67632513302632,-5.896358013153076,504.0391452904883,227.98954236959867,-33.738590240478516,504.37835752699505,274.73241574323185,-36.180076599121094,502.62567766408796,288.87219118026997,-23.183923721313477,529.2515642596736,260.2099963607485,-8.459129333496094,535.4271265604388,245.93510833456932,-34.31559371948242,527.4941252969802,288.64242380010666,-32.9533805847168,524.62110486752,299.7497471246086,-21.209518432617188,558.9249412626085,272.841452604197,-12.560140609741211,559.3661923452564,264.70882829192993,-26.920368194580078,547.4429444260223,290.55141803870777,-22.509422302246094,541.6663877995682,300.96326849959405,-11.670389175415039,456.0,462.0,459.0,454.0,459.0,463.0,458.0,454.0,453.0,458.0,463.0,459.0,455.0,453.0,453.0,459.0,462.0,462.0,456.0,453.0,452.0,455.0,461.0,458.0,452.0,454.0,460.0,461.0,453.0,452.0,458.0,461.0,455.0,451.0,453.0,459.0,461.0,453.0,450.0,454.0,459.0,459.0,453.0,451.0,450.0,453.0,459.0,457.0,452.0,449.0,451.0,458.0,449.0,457.0,455.0,451.0,448.0,450.0,457.0,454.0,448.0,448.0,456.0,458.0,453.0,449.0,448.0,454.0,457.0,450.0,447.0,448.0,452.0,457.0,453.0,449.0,447.0,456.0,450.0,448.0,454.0,454.0,447.0,446.0,453.0,455.0,449.0,446.0,456.0,450.0,447.0,448.0,454.0,453.0,447.0,446.0,453.0,456.0,451.0,448.0
39,521.1173411772926,358.1147224028298,-0.0014590546488761902,478.7711265087492,346.22252274731375,-25.10585594177246,446.1972804661852,312.98049723673796,-40.13896942138672,459.31650212918714,271.6191241551864,-51.647789001464844,506.2250161565901,253.65544010319033,-55.175289154052734,461.4998396495513,256.95472126594467,-19.123336791992188,466.91773318748443,234.8917165343669,-50.66083908081055,477.2942207065171,269.3021022339833,-53.82437515258789,480.63484542826984,280.0476218471705,-41.29401397705078,492.41280171836814,254.0108946163595,-14.835756301879883,504.41326014142663,235.47544550810915,-45.70274353027344,505.92081010289826,282.1188787035242,-40.294410705566406,500.10509820599293,289.3050594115388,-22.42457389831543,524.5969657710549,256.31197714778295,-15.402582168579102,534.7936738954456,247.77453235282002,-45.38894271850586,529.7915126809302,292.65294273742137,-37.94935607910156,523.4146406397215,297.15943908055465,-21.76611328125,553.5255431621913,263.2872683071816,-17.818422317504883,556.5238235470499,261.8533822410137,-38.7916259765625,550.064132647452,294.6738614301398,-31.750019073486328,544.7188152756773,300.8054552492745,-18.317052841186523,446.0,448.0,452.0,455.0,448.0,447.0,453.0,456.0,449.0,446.0,454.0,450.0,447.0,448.0,454.0,455.0,448.0,447.0,453.0,456.0,451.0,447.0,448.0,454.0,456.0,450.0,447.0,447.0,453.0,456.0,453.0,449.0,447.0,446.0,451.0,453.0,447.0,449.0,455.0,454.0,448.0,454.0,454.0,449.0,447.0,456.0,449.0,447.0,451.0,456.0,452.0,448.0,447.0,448.0,453.0,455.0,449.0,446.0,449.0,456.0,451.0,447.0,456.0,450.0,448.0,447.0,454.0,456.0,448.0,449.0,456.0,456.0,450.0,447.0,449.0,457.0,451.0,448.0,448.0,454.0,457.0,452.0,449.0,449.0,456.0,451.0,448.0,455.0,0.0,0.0,0.0,0.0,0.0,0.0,0.0,0.0,0.0,0.0,0.0,0.0
40,521.7880649394093,359.74073747363127,-0.0011753663420677185,480.4186004700051,348.6544203009051,-17.427471160888672,447.87774581474025,310.13595919385136,-27.28813934326172,454.25840137106786,265.666773982874,-35.28763198852539,490.46654210338875,242.4733281756512,-37.591697692871094,470.0605724092963,249.89181962462345,-9.925704956054688,462.5781558733539,220.50576935284366,-36.267723083496094,468.4540613327283,253.30262813147414,-38.370479583740234,476.5454117763205,270.4774580534151,-26.536901473999023,500.0409426627183,248.0087467929406,-8.134117126464844,496.2926862375807,223.0746026287236,-33.50474548339844,497.4738902469455,268.6118089570142,-29.673294067382812,500.3580778289532,281.1310955129482,-14.661080360412598,529.7374573850925,252.58952817924424,-10.791607856750488,525.4244548696184,235.84529869593726,-35.849300384521484,521.9449305371381,282.316925599894,-31.810012817382812,524.7230282601836,292.7299707108476,-18.723175048828125,557.2158443215643,261.9417349009411,-14.698719024658203,549.9166006487418,251.70286604628274,-32.97773361206055,543.4783754574131,285.24132747960846,-29.22787094116211,545.6767515537944,296.30173377138755,-18.762487411499023,448.0,454.0,457.0,450.0,447.0,450.0,456.0,454.0,450.0,447.0,446.0,450.0,456.0,446.0,448.0,455.0,455.0,451.0,447.0,446.0,455.0,448.0,445.0,446.0,452.0,455.0,449.0,445.0,450.0,455.0,450.0,446.0,445.0,449.0,454.0,450.0,445.0,449.0,455.0,446.0,445.0,447.0,455.0,449.0,445.0,448.0,454.0,450.0,446.0,447.0,455.0,450.0,446.0,445.0,449.0,455.0,449.0,445.0,446.0,453.0,452.0,447.0,445.0,445.0,451.0,446.0,445.0,449.0,454.0,448.0,445.0,454.0,449.0,445.0,445.0,454.0,449.0,445.0,445.0,451.0,449.0,446.0,443.0,443.0,446.0,451.0,449.0,442.0,445.0,450.0,444.0,444.0,443.0,440.0,442.0,448.0,442.0,439.0,438.0,445.0
41,529.029953860839,359.7066667020464,-0.006723389029502869,485.02230314550366,356.2258032183993,-16.82391357421875,450.0581168536621,322.32603479670945,-26.17026138305664,431.495100441193,285.14697800783745,-34.284568786621094,425.9149999043019,256.79977182917264,-42.314476013183594,481.7973680813217,251.87118395967315,-11.920461654663086,473.15169824486856,212.74576185837168,-21.5358943939209,470.2840119957584,200.32697986367427,-29.99445152282715,467.80490677568105,201.98864204352316,-35.68442916870117,518.8899922164676,244.44377450493522,-10.675472259521484,519.4254008028331,201.36454424002923,-18.913833618164062,514.8615952045793,189.11525180516992,-27.80971908569336,509.3754939213933,193.5694097009566,-34.60137939453125,553.0545717081793,250.1276218336021,-12.155288696289062,563.3975072598987,210.21079503848227,-20.538766860961914,560.671221043136,198.62691560743735,-30.308813095092773,555.3991471783015,201.29706285990963,-37.30089569091797,584.7599906431493,267.40860145468577,-15.157453536987305,598.1431113646273,237.40417508383604,-24.824810028076172,598.1259574171165,225.944406815481,-33.33110809326172,593.9922589585185,224.12933665442213,-39.69436264038086,441.0,435.0,434.0,433.0,437.0,441.0,433.0,433.0,437.0,442.0,435.0,432.0,435.0,441.0,436.0,433.0,433.0,441.0,436.0,433.0,437.0,443.0,440.0,435.0,435.0,438.0,443.0,440.0,435.0,436.0,444.0,437.0,437.0,443.0,445.0,440.0,437.0,442.0,446.0,439.0,439.0,447.0,448.0,445.0,441.0,442.0,448.0,449.0,443.0,441.0,444.0,449.0,451.0,446.0,442.0,444.0,451.0,452.0,449.0,445.0,446.0,449.0,445.0,449.0,454.0,455.0,448.0,450.0,456.0,449.0,447.0,450.0,453.0,448.0,448.0,456.0,457.0,451.0,448.0,449.0,455.0,458.0,453.0,450.0,449.0,456.0,458.0,453.0,450.0,453.0,459.0,452.0,450.0,456.0,459.0,451.0,450.0,455.0,458.0,453.0
42,529.6924545775795,356.6214759279885,-0.0009553581476211548,483.937485708308,344.96727270251415,-18.984344482421875,452.865873648266,312.17274696935294,-31.529874801635742,437.25587254730806,278.0126563828985,-42.6833381652832,435.96810365397226,251.77604363830474,-54.392154693603516,485.40839437265504,251.73895453732433,-23.726566314697266,475.4904684592672,211.37428065764576,-40.76457595825195,472.0865123565255,202.29098664042974,-56.89937210083008,470.0815817441731,207.37877741496195,-67.38687896728516,521.1925903498418,248.92955680018918,-23.16937828063965,522.5193129944138,202.32826189355632,-39.61188507080078,520.5406264748258,194.20394483046806,-55.37087631225586,517.1772994965287,200.94154149853404,-66.72177124023438,553.4492314373226,256.57274493923626,-24.695194244384766,563.2806100520996,216.17852972703156,-38.88803482055664,562.4873219055796,208.51201887640602,-53.995445251464844,558.5660891306711,213.74803311464706,-64.83074188232422,582.3891724504058,273.3104102505909,-27.733089447021484,596.6940428263983,245.26974723912,-40.77330017089844,597.486489179301,236.9364100500964,-52.610816955566406,593.1387298524205,238.1055634459816,-62.185359954833984,461.0,458.0,454.0,451.0,458.0,459.0,452.0,451.0,453.0,461.0,454.0,452.0,451.0,457.0,456.0,452.0,451.0,455.0,456.0,451.0,454.0,461.0,457.0,452.0,451.0,454.0,460.0,453.0,451.0,453.0,460.0,456.0,451.0,453.0,460.0,456.0,453.0,451.0,459.0,453.0,451.0,454.0,460.0,458.0,452.0,454.0,460.0,457.0,452.0,450.0,453.0,459.0,460.0,454.0,451.0,451.0,456.0,455.0,451.0,451.0,459.0,457.0,452.0,451.0,457.0,458.0,451.0,451.0,459.0,458.0,451.0,450.0,456.0,459.0,451.0,450.0,454.0,459.0,454.0,450.0,450.0,451.0,459.0,451.0,457.0,457.0,451.0,450.0,451.0,451.0,457.0,460.0,451.0,451.0,458.0,456.0,451.0,450.0,456.0,458.0
43,522.0018662330903,353.1885824513038,-0.0003239735960960388,469.53570638835333,359.6229565438444,-6.568235397338867,428.60336505658506,329.8063854106014,-10.33047103881836,401.3195019687389,304.6567668432315,-14.725028038024902,375.9655696178028,293.1413861899027,-20.302783966064453,461.2511177460269,244.79156415351758,-1.7354576587677002,443.3165423562094,194.91038481263465,-1.7538114786148071,432.11550532212084,161.79551505132486,-0.311271607875824,424.71686791634943,135.44456775054493,0.45401108264923096,499.32218929086923,234.72856201327753,-2.845174789428711,490.50713247550726,179.60332188855114,-3.362910747528076,484.7737712030485,138.71747085355102,-3.800755500793457,481.83355975694747,109.22999932913304,-3.116798162460327,537.0422806877824,240.32710390451456,-5.701648712158203,552.5506234559083,193.11648851567762,-6.857874870300293,562.7575388002082,155.9153676431626,-9.976863861083984,569.7041856245357,126.86113180547002,-11.81413459777832,571.0122471969057,259.6465041786385,-9.19356918334961,588.3212330145435,227.1223815146877,-13.181468963623047,601.255280855564,202.88558452938688,-16.946929931640625,611.8238144279188,177.45174148032345,-18.916767120361328,452.0,450.0,450.0,456.0,459.0,451.0,450.0,452.0,449.0,451.0,458.0,457.0,449.0,452.0,459.0,454.0,450.0,449.0,453.0,458.0,452.0,449.0,453.0,458.0,455.0,451.0,449.0,449.0,456.0,448.0,451.0,456.0,447.0,446.0,448.0,454.0,448.0,444.0,443.0,449.0,446.0,442.0,438.0,437.0,443.0,445.0,439.0,436.0,436.0,442.0,443.0,433.0,439.0,435.0,432.0,434.0,437.0,432.0,431.0,436.0,440.0,436.0,431.0,431.0,437.0,440.0,431.0,432.0,438.0,440.0,433.0,431.0,433.0,440.0,438.0,432.0,432.0,438.0,440.0,435.0,433.0,438.0,441.0,439.0,435.0,436.0,0.0,0.0,0.0,0.0,0.0,0.0,0.0,0.0,0.0,0.0,0.0,0.0,0.0,0.0
44,526.3143609450414,373.2072561455881,-0.00047747790813446045,473.8935523562547,364.22442929798433,-6.803537368774414,431.51311278183636,331.0892399558321,-10.65532112121582,394.9291567877325,305.2800652738599,-15.204842567443848,359.38369946126306,295.6687638057727,-20.30237579345703,470.1486012926457,244.16620687320216,-3.8316099643707275,449.7119183593409,194.78661289892324,-6.222960472106934,437.5844126217325,158.79055860121787,-9.258753776550293,429.0671158770538,128.22821627775966,-12.252836227416992,507.30820840870354,236.77970093957575,-6.066579818725586,499.54142968885765,178.8385033407538,-8.357906341552734,496.9879553168552,134.960102346819,-11.879398345947266,496.78835590903884,101.35661872607506,-14.328967094421387,542.2808253603218,246.10229306775977,-9.742975234985352,555.5087588247045,196.7197632457548,-12.226456642150879,567.9379667052821,158.9731169245576,-15.313467025756836,577.4102348172364,127.61416025450653,-17.66922378540039,572.7887420781873,270.3661845554395,-14.483930587768555,598.3394296495072,239.9764389968288,-18.060089111328125,617.086815568865,217.24016054038856,-20.45913314819336,633.2005000278788,190.84943684800209,-21.81293296813965,445.0,442.0,440.0,441.0,451.0,444.0,442.0,450.0,449.0,444.0,445.0,453.0,448.0,446.0,445.0,447.0,451.0,455.0,447.0,447.0,455.0,453.0,448.0,447.0,450.0,456.0,453.0,449.0,448.0,454.0,458.0,451.0,449.0,450.0,454.0,458.0,455.0,450.0,453.0,459.0,451.0,451.0,460.0,453.0,451.0,453.0,459.0,454.0,451.0,456.0,461.0,458.0,453.0,452.0,458.0,462.0,456.0,454.0,453.0,456.0,461.0,462.0,453.0,462.0,460.0,456.0,454.0,458.0,462.0,454.0,455.0,463.0,461.0,455.0,457.0,463.0,461.0,456.0,454.0,458.0,463.0,460.0,454.0,455.0,462.0,461.0,456.0,454.0,459.0,455.0,454.0,463.0,462.0,456.0,454.0,458.0,463.0,455.0,454.0,456.0
45,522.5688686324329,362.8860318815219,-6.194412708282471e-05,471.32014324045724,354.918777138721,-7.460017204284668,427.9668212002168,327.6587827662363,-11.824758529663086,387.7548597796041,311.5064001518925,-16.573532104492188,351.714888815921,310.12247864573015,-21.81516456604004,468.74617143749396,238.8701417370937,-6.545829772949219,448.8520424965307,192.09950028813853,-8.92539119720459,438.02689357894985,158.54183677846703,-12.263822555541992,430.9003456796354,130.89315263274128,-15.67671012878418,506.4040556178594,228.72016414625688,-8.021377563476562,502.5094342268771,171.0122585237625,-9.815289497375488,501.45251192127654,129.68377139094093,-13.054564476013184,501.64622509514953,99.21970059842776,-15.746373176574707,540.7580135660985,236.954705851341,-10.670402526855469,551.2212108929825,189.03310443060846,-12.769012451171875,561.2891946994865,153.52779920514175,-14.945693016052246,568.7133770410044,124.98739773746509,-16.94658851623535,571.1867165259231,262.50334195557036,-14.515861511230469,599.9276310886434,235.89416663211028,-16.90408706665039,621.5309807126821,216.9522940611533,-18.355300903320312,639.4493546188569,194.26155174357055,-19.35801124572754,460.0,459.0,454.0,457.0,462.0,454.0,454.0,459.0,461.0,454.0,453.0,458.0,462.0,456.0,453.0,453.0,458.0,461.0,455.0,452.0,456.0,461.0,458.0,455.0,453.0,453.0,459.0,452.0,453.0,459.0,459.0,453.0,452.0,459.0,460.0,454.0,451.0,455.0,459.0,452.0,450.0,453.0,460.0,454.0,451.0,452.0,458.0,460.0,456.0,451.0,450.0,456.0,459.0,451.0,450.0,458.0,458.0,452.0,450.0,450.0,458.0,451.0,450.0,455.0,458.0,451.0,449.0,453.0,458.0,453.0,449.0,450.0,454.0,458.0,457.0,452.0,449.0,450.0,455.0,456.0,450.0,449.0,451.0,458.0,453.0,449.0,452.0,457.0,456.0,451.0,449.0,450.0,458.0,451.0,449.0,448.0,452.0,457.0,456.0,451.0
46,525.2712440519412,370.859149636878,-0.00030365586280822754,474.2800490785655,359.7979967790094,-7.414219379425049,431.75269842995965,326.8681344411078,-11.717602729797363,390.86386958951346,303.7129395882381,-16.694408416748047,350.42304942731425,298.18117592224917,-22.282835006713867,473.45971174891264,239.12993981076215,-4.511478424072266,453.5218000050641,192.81445348342814,-7.486483573913574,440.6434548209095,157.6928476841017,-11.773591995239258,431.4124126995963,127.54404258665339,-15.989572525024414,508.8859036489612,230.7951740384224,-6.737745761871338,506.6566007430274,173.48522883645128,-8.959979057312012,505.23954735724965,130.97030753981932,-12.96945858001709,505.8625029316023,98.60328931716239,-16.351795196533203,540.6639817537842,240.2436122048992,-10.36113452911377,554.1988718166216,193.48511319395652,-13.143072128295898,565.3405407622605,158.99592996538854,-16.44124984741211,573.979737717515,130.05394196262793,-19.43053436279297,568.4339452040191,266.31557682787957,-15.216547012329102,593.9879010338097,240.78367591038574,-18.707473754882812,611.3316058061456,223.1881797791728,-21.035324096679688,626.96135289187,201.37654726236184,-22.753873825073242,448.0,453.0,456.0,454.0,449.0,448.0,450.0,453.0,456.0,451.0,449.0,452.0,457.0,452.0,448.0,449.0,455.0,448.0,451.0,456.0,455.0,448.0,449.0,454.0,457.0,452.0,448.0,448.0,451.0,455.0,457.0,453.0,450.0,448.0,454.0,457.0,452.0,448.0,456.0,448.0,448.0,450.0,457.0,451.0,448.0,453.0,456.0,449.0,448.0,451.0,457.0,450.0,448.0,456.0,455.0,450.0,448.0,448.0,453.0,457.0,449.0,449.0,455.0,457.0,454.0,448.0,449.0,457.0,453.0,448.0,449.0,455.0,451.0,448.0,450.0,456.0,456.0,452.0,448.0,449.0,456.0,455.0,449.0,448.0,453.0,457.0,455.0,448.0,457.0,0.0,0.0,0.0,0.0,0.0,0.0,0.0,0.0,0.0,0.0,0.0
47,523.6293490053246,364.8311643574407,-0.00011640042066574097,473.20743179767226,354.5368436680703,-7.040223121643066,430.7845023566506,324.8486070609694,-11.224506378173828,389.48046053620226,305.86135907059406,-15.905189514160156,348.79274933728675,303.81939865946083,-21.207229614257812,473.8527437532988,238.90937831372776,-5.730106830596924,454.0721608938756,192.4840526109051,-8.445186614990234,441.98762435787665,159.06915945231157,-12.246439933776855,432.97844957127245,130.95274270914064,-15.982120513916016,510.37484630257177,229.59252204922842,-7.470426559448242,507.99397423216664,171.54829045745265,-9.479520797729492,506.6087533249985,130.49982176550643,-12.848830223083496,506.65684670240086,99.77853154322548,-15.739389419555664,543.3230569485413,238.02869226697254,-10.377180099487305,555.922477892877,190.35358342575165,-12.811450004577637,566.439638631498,156.41901405283176,-15.35993480682373,574.3419676629404,128.37210534837567,-17.757286071777344,571.8654625065649,263.142660887262,-14.41893196105957,598.7197222155289,236.98950794061793,-17.247718811035156,617.4351073529078,220.11983484423627,-18.953388214111328,633.6677334119751,199.18676516845304,-20.199199676513672,453.0,456.0,450.0,447.0,456.0,452.0,448.0,450.0,456.0,457.0,454.0,448.0,448.0,453.0,455.0,449.0,448.0,450.0,457.0,454.0,448.0,453.0,457.0,450.0,448.0,451.0,457.0,452.0,448.0,449.0,455.0,455.0,448.0,450.0,455.0,449.0,448.0,453.0,455.0,450.0,448.0,452.0,457.0,452.0,448.0,449.0,457.0,449.0,449.0,456.0,455.0,448.0,452.0,448.0,448.0,452.0,457.0,449.0,447.0,450.0,456.0,455.0,449.0,447.0,457.0,452.0,447.0,448.0,454.0,456.0,453.0,447.0,456.0,450.0,447.0,448.0,453.0,454.0,448.0,447.0,451.0,456.0,453.0,448.0,447.0,456.0,452.0,447.0,449.0,453.0,456.0,451.0,447.0,449.0,455.0,455.0,451.0,448.0,447.0,450.0
48,524.0758080226807,363.77260755018006,-0.0001397356390953064,472.87149825842545,353.7994986729733,-7.329689025878906,430.8173019224908,324.1113578281203,-11.230463981628418,391.6933793588098,304.31238369231403,-15.505879402160645,355.88083211886044,298.5776997483573,-20.285192489624023,473.2496286433096,238.66828222350324,-5.394106864929199,454.0226734700726,189.7776966530205,-7.513411045074463,443.0700832570045,155.53315103778522,-10.583136558532715,435.2456140701361,127.39217412963819,-13.725421905517578,510.56232511751904,229.73517134595872,-6.827580451965332,507.48886955701823,170.30187417801127,-8.331290245056152,505.53210107760856,128.56389620321494,-11.348931312561035,504.3523578625116,97.67592736119933,-13.829254150390625,544.1948699264664,238.22407375416924,-9.511102676391602,555.1406556244461,189.22644533062322,-11.478816986083984,563.8055200781064,153.41192246243583,-13.714168548583984,569.5885752488207,124.9214906955657,-15.718825340270996,573.4296030154088,262.8304551285875,-13.367961883544922,601.8731462359465,234.79344478042665,-15.711920738220215,622.0698173042284,215.11249185577617,-17.225624084472656,638.6541686252435,192.19777233304342,-18.280736923217773,455.0,452.0,447.0,454.0,449.0,447.0,454.0,456.0,450.0,448.0,455.0,452.0,447.0,454.0,456.0,449.0,447.0,450.0,456.0,450.0,447.0,448.0,455.0,455.0,448.0,449.0,452.0,447.0,447.0,450.0,456.0,451.0,447.0,451.0,456.0,449.0,447.0,448.0,452.0,0.0,0.0,0.0,0.0,0.0,0.0,0.0,0.0,0.0,0.0,0.0,0.0,0.0,0.0,0.0,0.0,0.0,0.0,0.0,0.0,0.0,0.0,0.0,0.0,0.0,0.0,0.0,0.0,0.0,0.0,0.0,0.0,0.0,0.0,0.0,0.0,0.0,0.0,0.0,0.0,0.0,0.0,0.0,0.0,0.0,0.0,0.0,0.0,0.0,0.0,0.0,0.0,0.0,0.0,0.0,0.0,0.0,0.0,0.0,0.0,0.0
